file,type,noise_class,clip,seed,duration_s,samples,rms_dbfs,peak_dbfs,how_made,licence,flac_sha256,pcm_sha256
artillery_001.flac,artillery,impulsive,1,103001,12.0,192000,-18.94,-0.09,"n = defence_noise('artillery', 12, 16000, 103001); n = 0.99*n/max(abs(n))",generated by this project (no third-party audio),6a54f69bfb9824bde6dd1910fa6310a1c55314e4a61ea1d1d2b627e51c6feaa8,7888273fe0ef9dd6bff13a6b80ff58d7601a602726de5cd41b0b4a66d4aefd67
artillery_002.flac,artillery,impulsive,2,103002,12.0,192000,-23.67,-0.09,"n = defence_noise('artillery', 12, 16000, 103002); n = 0.99*n/max(abs(n))",generated by this project (no third-party audio),bbc4df1c60a68fb574024decff4de54ffda5f5c8305c771a48c33709851e262c,791f10a0f8d8a1e30b32d6bef4dab292d28911f04c7daf41ab28989c4c69be6e
artillery_003.flac,artillery,impulsive,3,103003,12.0,192000,-20.19,-0.09,"n = defence_noise('artillery', 12, 16000, 103003); n = 0.99*n/max(abs(n))",generated by this project (no third-party audio),1439f64ea3841cc3a2c0b5dfa994e945ed31e605a80a1fcbaa093b2540a8425d,9c38623bb51741f020e5ae5880640dcd471bb176e6d856541ad5f49bbc8301ef
artillery_004.flac,artillery,impulsive,4,103004,12.0,192000,-22.12,-0.09,"n = defence_noise('artillery', 12, 16000, 103004); n = 0.99*n/max(abs(n))",generated by this project (no third-party audio),67ccd7e925e245a175202f3def4e3f22c944e8c4f4828a992e6be105c0b427ac,44f49d28ed1b384fd246446769de9a0161e48d2830c10946df69a2674b69b5f2
artillery_005.flac,artillery,impulsive,5,103005,12.0,192000,-20.01,-0.09,"n = defence_noise('artillery', 12, 16000, 103005); n = 0.99*n/max(abs(n))",generated by this project (no third-party audio),26faed21c44c3fc151f39a4923a6c5c89bec4e49379208a1f4766b362c9cb6d9,bb11bc6512350b0300ca92241601d2443bde3cd209cd5590e257de9ec4554303
artillery_006.flac,artillery,impulsive,6,103006,12.0,192000,-18.55,-0.09,"n = defence_noise('artillery', 12, 16000, 103006); n = 0.99*n/max(abs(n))",generated by this project (no third-party audio),08ff3adc3014100a7ad6d83545cd5e816536912f48230b69c5d289f21c6b552f,e16a22c982765247f5880418452756cba4a55e7024f24b0179bcfe74a581a8fa
artillery_007.flac,artillery,impulsive,7,103007,12.0,192000,-19.78,-0.09,"n = defence_noise('artillery', 12, 16000, 103007); n = 0.99*n/max(abs(n))",generated by this project (no third-party audio),3b5d01b313511c1d1a27b279e2f5c3dd9febf4ba1290f45a07930c14644c449e,843edc542e7ef465d7b8b7d14df5d9d1421a84572e334e55801356d7e43990cb
artillery_008.flac,artillery,impulsive,8,103008,12.0,192000,-20.23,-0.09,"n = defence_noise('artillery', 12, 16000, 103008); n = 0.99*n/max(abs(n))",generated by this project (no third-party audio),ff7ab84c6f569979f073057d5a552f641dacdebf7ffe3ddcebff52231b731bd9,88bae1ff097484ca48ff0eca669deac8d6612991fe6b1274836fab0566ea3e1c
artillery_009.flac,artillery,impulsive,9,103009,12.0,192000,-17.36,-0.09,"n = defence_noise('artillery', 12, 16000, 103009); n = 0.99*n/max(abs(n))",generated by this project (no third-party audio),73a118ada48b94bc4ffeae4e10772edd04ba38ac2defb581b46a0eef2abd8f35,2b9f65f91c2bf04462a8dd298347d4cb433858f1f2e8b81387f426ddfb9883f2
artillery_010.flac,artillery,impulsive,10,103010,12.0,192000,-18.9,-0.09,"n = defence_noise('artillery', 12, 16000, 103010); n = 0.99*n/max(abs(n))",generated by this project (no third-party audio),27b8bf7b005c0d10022fb60161866ea90f23edfb194b410cd9e59e0bebf449b8,1ddcfc667a6f3f285f2348386b63395e625a58cdeec2b613e5ecba4ba7aadd6d
artillery_011.flac,artillery,impulsive,11,103011,12.0,192000,-18.34,-0.09,"n = defence_noise('artillery', 12, 16000, 103011); n = 0.99*n/max(abs(n))",generated by this project (no third-party audio),2eecb1c96c421c83faeda1f7ddaa084f8ac96ae201af35dc06b430f1ff273b83,25084f14cf9afffc3086ba30bacea578cd1358afb712ea3ca5dc50e10377c0d2
artillery_012.flac,artillery,impulsive,12,103012,12.0,192000,-20.31,-0.09,"n = defence_noise('artillery', 12, 16000, 103012); n = 0.99*n/max(abs(n))",generated by this project (no third-party audio),c00edcf711739dd2b980c20642cf7dfeb1ef9a8f9dd849bf5a5fa05ffe830205,593480affd286a32a43b33eb79e087266bc0194388de4489608ebd92715f16d9
artillery_013.flac,artillery,impulsive,13,103013,12.0,192000,-21.76,-0.09,"n = defence_noise('artillery', 12, 16000, 103013); n = 0.99*n/max(abs(n))",generated by this project (no third-party audio),98b4c051404c2a08a0a52b9f0696ef372e4745c8f8260e62dee4c96ff9f4a376,65facac13ec218f64ddd112c0f1a0d3bb39384c3204dac9123168a8d01abce71
artillery_014.flac,artillery,impulsive,14,103014,12.0,192000,-23.61,-0.09,"n = defence_noise('artillery', 12, 16000, 103014); n = 0.99*n/max(abs(n))",generated by this project (no third-party audio),cbd73a23bbd41463f04eb585ff4ba211955bbe610cc06fdaa456a77703d73b84,a550e354f4e471725f05e4a588c30147b669e09d823a0d8c89eb5b170c850c85
artillery_015.flac,artillery,impulsive,15,103015,12.0,192000,-17.25,-0.09,"n = defence_noise('artillery', 12, 16000, 103015); n = 0.99*n/max(abs(n))",generated by this project (no third-party audio),f693feee5e7a292d76e14a711f420a97adad035d0e7bf81535d7d986c4f47756,b1204d6a09cb8b0942cfe3143d31304213ac7eaffe3a0fb2526599155294ad0b
artillery_016.flac,artillery,impulsive,16,103016,12.0,192000,-19.02,-0.09,"n = defence_noise('artillery', 12, 16000, 103016); n = 0.99*n/max(abs(n))",generated by this project (no third-party audio),889d4020c7f3e7e7256d1911443ccc9add70e9f25e2fa867e1a79613ac8b445d,75a77838390b61fb227b44cb9e3027facbe74e0da155d402e0f2344bae7a3234
artillery_017.flac,artillery,impulsive,17,103017,12.0,192000,-19.88,-0.09,"n = defence_noise('artillery', 12, 16000, 103017); n = 0.99*n/max(abs(n))",generated by this project (no third-party audio),9ad1592e6dcc54230d03b5d389329148fb0f85aa3e367493ae7e2fdb0fa2a531,8c84f694ed374ee5c901b23317e06735968254170a86b6bbaf67e4552e7dacb4
artillery_018.flac,artillery,impulsive,18,103018,12.0,192000,-19.66,-0.09,"n = defence_noise('artillery', 12, 16000, 103018); n = 0.99*n/max(abs(n))",generated by this project (no third-party audio),0295d9cf394f1103a2546c7e5e80dcf94857d01cbda0374f7886fd5baf67890a,1eb744b964fc26ddcc2ccc56190bc98eb76949c83ffbc969326ed56796fcbac8
artillery_019.flac,artillery,impulsive,19,103019,12.0,192000,-22.95,-0.09,"n = defence_noise('artillery', 12, 16000, 103019); n = 0.99*n/max(abs(n))",generated by this project (no third-party audio),8db7ce294828fdf78c9d72c6da24a49502c5ffcac2363313db268ca9f9d979ec,d3e7697b6c15d1fd6ab9656db595f36e87ea15cac3d127acceb015850e1f1f4e
artillery_020.flac,artillery,impulsive,20,103020,12.0,192000,-18.97,-0.09,"n = defence_noise('artillery', 12, 16000, 103020); n = 0.99*n/max(abs(n))",generated by this project (no third-party audio),9b798b306c2fa3ddc0ced7c7abcf0b7a95a0768a6fac1ae474ee3fed8fd00705,f1c03646f2a65cced7463328d695776c92f3b81fad701b43dd9721b30fbbb050
artillery_021.flac,artillery,impulsive,21,103021,12.0,192000,-20.59,-0.09,"n = defence_noise('artillery', 12, 16000, 103021); n = 0.99*n/max(abs(n))",generated by this project (no third-party audio),033cbe48d7bc3143e1e034c76422564612a762434f5f22fbaf1ae8d1653f8575,8db79b97cdfabf237bbe3a3da2de03d5970bcf758de176936b8e3c099ff9af3a
artillery_022.flac,artillery,impulsive,22,103022,12.0,192000,-20.27,-0.09,"n = defence_noise('artillery', 12, 16000, 103022); n = 0.99*n/max(abs(n))",generated by this project (no third-party audio),320f91144b67cd27bf0051e84e3fa18cf2f0abfc329ab0b7c85fb72978c5a774,0ac6cdbb16eefee7169f4aab0d982d28e6308c038282ee7be9a2ebdf5b431cd1
artillery_023.flac,artillery,impulsive,23,103023,12.0,192000,-19.44,-0.09,"n = defence_noise('artillery', 12, 16000, 103023); n = 0.99*n/max(abs(n))",generated by this project (no third-party audio),605c03b1c371447adf4d4693750b61747b894f88a7c31f23c427933002d8eeff,7ff410cb503d65d678b3514a00dc41a6f9972490ed485c75dc50362ff0387b30
artillery_024.flac,artillery,impulsive,24,103024,12.0,192000,-21.58,-0.09,"n = defence_noise('artillery', 12, 16000, 103024); n = 0.99*n/max(abs(n))",generated by this project (no third-party audio),f37785e832be60d0030a262818493491e7a18c4dbba8d0f59a3fef0fe6b34a37,4f46afe69be7c8c2d8570dc9a3146e73e2d7b5126be7f386d46534e97fd7fcbb
artillery_025.flac,artillery,impulsive,25,103025,12.0,192000,-18.04,-0.09,"n = defence_noise('artillery', 12, 16000, 103025); n = 0.99*n/max(abs(n))",generated by this project (no third-party audio),c46a0da56f3c318fa2ac0ab4b5e8f7243a205cbbbb1457ccc0207d9e56ff82c3,947c52d3c13cd0ba4b3c95e68f9cd3d29d9b0529ef22f4cce4738d1029bbc83c
artillery_026.flac,artillery,impulsive,26,103026,12.0,192000,-21.74,-0.09,"n = defence_noise('artillery', 12, 16000, 103026); n = 0.99*n/max(abs(n))",generated by this project (no third-party audio),53564c5b62a901791ed6dacd973199b85a91446fb9ae52e17b6ebd4c71ea6b0b,bae7a12c55c1fbb451b00df5e5b836e8c95dc8fd442838576ed5f1860d82df4c
artillery_027.flac,artillery,impulsive,27,103027,12.0,192000,-18.5,-0.09,"n = defence_noise('artillery', 12, 16000, 103027); n = 0.99*n/max(abs(n))",generated by this project (no third-party audio),5139b1fc7c1484a69cef9e9d03c7043e23169d343fe601991755f02834a47b86,4465ac30c72991b2cdc9a2775396a60d68a829ba4b23e18c76b211a670ba56b6
artillery_028.flac,artillery,impulsive,28,103028,12.0,192000,-22.05,-0.09,"n = defence_noise('artillery', 12, 16000, 103028); n = 0.99*n/max(abs(n))",generated by this project (no third-party audio),7d267e385f3cde6f9d1e7b728081fe0f7dd0125927d32f9dda8b483a99cd6ac2,c562cb28967e34d1c0f79bd6b9fb3395ff4863f9723a51e2dea0f4c2596cb33b
artillery_029.flac,artillery,impulsive,29,103029,12.0,192000,-19.46,-0.09,"n = defence_noise('artillery', 12, 16000, 103029); n = 0.99*n/max(abs(n))",generated by this project (no third-party audio),faee61cef74aaf1feb420c52a677fbddc81b2480e4be15ca6a56402611769de2,87e54f2f90e67606df7e19502dbc2b1e1466fe651462d5049223b4568267b6f6
artillery_030.flac,artillery,impulsive,30,103030,12.0,192000,-25.94,-0.09,"n = defence_noise('artillery', 12, 16000, 103030); n = 0.99*n/max(abs(n))",generated by this project (no third-party audio),98623a3ce730b23b55bb771cf15beda49a97c6af750d45ce3deb4e42e1159427,b105e51632482341910793a895b1f8d4cd21c752ded23b25bfef25ef58ead148
artillery_031.flac,artillery,impulsive,31,103031,12.0,192000,-19.69,-0.09,"n = defence_noise('artillery', 12, 16000, 103031); n = 0.99*n/max(abs(n))",generated by this project (no third-party audio),5a54ff4a63e361746cc07fed1d1b3479e1597fc49bfde31f1356ce18cb2ddcef,dac213c04e4f6dcb79d48163ba1b3a4eb1e67bd4960b9a6e98cf16c8f176ead9
artillery_032.flac,artillery,impulsive,32,103032,12.0,192000,-21.98,-0.09,"n = defence_noise('artillery', 12, 16000, 103032); n = 0.99*n/max(abs(n))",generated by this project (no third-party audio),5ffc2177e4cdc1b0f8aa41853eed3ad7fed5b40e7e491fc97376599435da03ea,0289115c27d6e158be48472055a79675c16dab9a57707e77385186d061e8d2e1
artillery_033.flac,artillery,impulsive,33,103033,12.0,192000,-19.39,-0.09,"n = defence_noise('artillery', 12, 16000, 103033); n = 0.99*n/max(abs(n))",generated by this project (no third-party audio),af96d7314d96e7daee86f8d19b59e852f382b9992657ad5d3bca22029e7cedd9,6531912aa97ed79914456c2ecaf83b4a7e376159b64337a1440ec1fe48396d3a
artillery_034.flac,artillery,impulsive,34,103034,12.0,192000,-22.87,-0.09,"n = defence_noise('artillery', 12, 16000, 103034); n = 0.99*n/max(abs(n))",generated by this project (no third-party audio),bc6117fbe2794da33d6520426da353f8ad7f2d15f45529114b7b933b7f948c15,d51c2b8e381cc9c53a0f1e566b2424eb2dfc4c39dbd28e691520766298abbd60
artillery_035.flac,artillery,impulsive,35,103035,12.0,192000,-24.69,-0.09,"n = defence_noise('artillery', 12, 16000, 103035); n = 0.99*n/max(abs(n))",generated by this project (no third-party audio),646f74e0bb5e013c3a98bf14f8460b003e263f14a84991b19a919f43634b7422,98882b2700d2d1fb70f65e2073b8712cc96eec1d47a9b8693d948571823f4f5e
artillery_036.flac,artillery,impulsive,36,103036,12.0,192000,-23.61,-0.09,"n = defence_noise('artillery', 12, 16000, 103036); n = 0.99*n/max(abs(n))",generated by this project (no third-party audio),1854577b685fa6998181897f37647f139b6d5862c68a95cd8553fc76df67492f,e90807dc55433e93322353b31c8edb5b19142c10fcdfe24d5297a264ee4312ed
artillery_037.flac,artillery,impulsive,37,103037,12.0,192000,-18.01,-0.09,"n = defence_noise('artillery', 12, 16000, 103037); n = 0.99*n/max(abs(n))",generated by this project (no third-party audio),61afed2fd1ddc81e7431c53f354eabfa7e2a4f4ce79b7be6909125bda1433cef,db79a779f3d72440d39802be58f5d8b3a7c4792bcea9aa2bdc2710e6dc505ebf
artillery_038.flac,artillery,impulsive,38,103038,12.0,192000,-23.54,-0.09,"n = defence_noise('artillery', 12, 16000, 103038); n = 0.99*n/max(abs(n))",generated by this project (no third-party audio),9cb6fa8a04de00e7da9dac9c696bb570a4f2570d45c1368604e49903c4c331b8,20fff2bdc7809f707a46e815192b0a6e87431feaa4445f8f63b9169dc38c16ae
artillery_039.flac,artillery,impulsive,39,103039,12.0,192000,-22.18,-0.09,"n = defence_noise('artillery', 12, 16000, 103039); n = 0.99*n/max(abs(n))",generated by this project (no third-party audio),f0927ea87b85e3a022f4e550dc8bfbda7ff69573837ae620163904969153e9ee,9561af162d1882a3640a2586ac1275128e374279e6aa409ea528967bff365f95
artillery_040.flac,artillery,impulsive,40,103040,12.0,192000,-21.5,-0.09,"n = defence_noise('artillery', 12, 16000, 103040); n = 0.99*n/max(abs(n))",generated by this project (no third-party audio),4a66f26dd16abc069dc6e2d83bf61dbc302359eecafa3917630f8f1b1790bfc3,bafd6a4b53a236767b12aa942399a5f1f6f9dd1481a446394e3aff4d084019c0
artillery_041.flac,artillery,impulsive,41,103041,12.0,192000,-19.52,-0.09,"n = defence_noise('artillery', 12, 16000, 103041); n = 0.99*n/max(abs(n))",generated by this project (no third-party audio),f3d989d2049f9e45cbe51039ce0afead767ce877c1c6ae6c46ea88ea84826887,440b198974b50e3cb5e617beae023a97c34ad139ed655002d711a67260c4478d
artillery_042.flac,artillery,impulsive,42,103042,12.0,192000,-21.1,-0.09,"n = defence_noise('artillery', 12, 16000, 103042); n = 0.99*n/max(abs(n))",generated by this project (no third-party audio),acea0d4939bb4e1a0177eaf58ce03e3f046801d3563b4a5f56b0cf2aa679a585,9278303be70e4082ef90c5c115c71ac104fdcc66e5b3bc723d3cb4ff1dea315f
artillery_043.flac,artillery,impulsive,43,103043,12.0,192000,-17.93,-0.09,"n = defence_noise('artillery', 12, 16000, 103043); n = 0.99*n/max(abs(n))",generated by this project (no third-party audio),c08fd72f53aaabef0a307121df2d39946c0b3bd7f0c4cb900b7166d5793b1f71,976901639ca0a62e4624be5db8c7276b28a30e2808b465a2a5b9b867d936926a
artillery_044.flac,artillery,impulsive,44,103044,12.0,192000,-19.0,-0.09,"n = defence_noise('artillery', 12, 16000, 103044); n = 0.99*n/max(abs(n))",generated by this project (no third-party audio),ebaa30d6beca8407ed0b31248f110d679d376dbcb7045b92fc339761990b21bc,13abc090361d045b0bf2d9b780a72d29263763ef80e16d76a73ad59d180895d2
artillery_045.flac,artillery,impulsive,45,103045,12.0,192000,-16.25,-0.09,"n = defence_noise('artillery', 12, 16000, 103045); n = 0.99*n/max(abs(n))",generated by this project (no third-party audio),7369c387571dc7858e6c8a0ff48acdcfe3a07b32bd8585c6026b07341ce99d28,b81863a403ae506561c6cc937df987b248d80f15ef12e83802cb758a52115ba6
artillery_046.flac,artillery,impulsive,46,103046,12.0,192000,-18.97,-0.09,"n = defence_noise('artillery', 12, 16000, 103046); n = 0.99*n/max(abs(n))",generated by this project (no third-party audio),f71f79d5ed5f95b3bb808940d41e6273153b0719fffa6b7e68f2b922e10bbed9,db5c9383cb0595872743694966dd7bad21fecb3704b1c360ec60a9a9931ae727
artillery_047.flac,artillery,impulsive,47,103047,12.0,192000,-20.9,-0.09,"n = defence_noise('artillery', 12, 16000, 103047); n = 0.99*n/max(abs(n))",generated by this project (no third-party audio),7c2404ed9d3f00a4a0230aba259383bed4303966502b4c6a92f9a1d3eaa763b1,fa45b33ad3572a568172fc0515c8bbc482c5ac7baaca1832be97a2cffa78344f
artillery_048.flac,artillery,impulsive,48,103048,12.0,192000,-21.5,-0.09,"n = defence_noise('artillery', 12, 16000, 103048); n = 0.99*n/max(abs(n))",generated by this project (no third-party audio),f61753edf27e0829f669e48ac85867d73890f8f5880b0d552e19b8184c5926ce,45cb8fb39d3e344dbe30ac435b082e6eb73bee476ece485f274ee64134601f50
artillery_049.flac,artillery,impulsive,49,103049,12.0,192000,-18.76,-0.09,"n = defence_noise('artillery', 12, 16000, 103049); n = 0.99*n/max(abs(n))",generated by this project (no third-party audio),ec86ae3affffd34ea05ac080493f406c80b5f9d24a285841b63a9a9bc83d6e89,86cdbaa9d8c931471b3c1ba7f40dc5ed9cdf08e8c335da50aac2af541cac79ad
artillery_050.flac,artillery,impulsive,50,103050,12.0,192000,-16.92,-0.09,"n = defence_noise('artillery', 12, 16000, 103050); n = 0.99*n/max(abs(n))",generated by this project (no third-party audio),ec260fff3ff0df6726ab33c747f93031231da25b6cbbd8a4939be1d81fcef3fd,261bddff72318b8b86f200e4a8905230d4c690b91972afed591222eb5fd6eda7
artillery_051.flac,artillery,impulsive,51,103051,12.0,192000,-19.49,-0.09,"n = defence_noise('artillery', 12, 16000, 103051); n = 0.99*n/max(abs(n))",generated by this project (no third-party audio),cd16307d7d6b2bf9381952421430e98a160c8104dfac41175d7a4e44e634d79c,03624d6737e1f4c8bd9eb0c203a300e64cc32bcc119fd2ce0faa9793f0b5f096
artillery_052.flac,artillery,impulsive,52,103052,12.0,192000,-20.72,-0.09,"n = defence_noise('artillery', 12, 16000, 103052); n = 0.99*n/max(abs(n))",generated by this project (no third-party audio),d653c3a7f3edcc645d576f78e059520029bddc47f965ad59204d3e5c56b46f4b,6997c643c3256196ef2a6d2f06e2d7b77f7634f286c5d5267e8eac1cdd57c103
artillery_053.flac,artillery,impulsive,53,103053,12.0,192000,-19.31,-0.09,"n = defence_noise('artillery', 12, 16000, 103053); n = 0.99*n/max(abs(n))",generated by this project (no third-party audio),1529958c2c20b1bb42df799e11f1c22e459c523785d48050e5ed9c6277fcada8,96e6d8f6b64dc09d440c5decce406784ccc9f673c20bd59427b50b488c145582
artillery_054.flac,artillery,impulsive,54,103054,12.0,192000,-22.49,-0.09,"n = defence_noise('artillery', 12, 16000, 103054); n = 0.99*n/max(abs(n))",generated by this project (no third-party audio),3b78b031bcd614640c702d554360744c5c7e8e5ada6541c8baf717e5204455ab,ce6bca064e05eae916e9c3c7bdf06f53bc6bb24aa67f96e5c89b901a4ddeedc8
artillery_055.flac,artillery,impulsive,55,103055,12.0,192000,-20.54,-0.09,"n = defence_noise('artillery', 12, 16000, 103055); n = 0.99*n/max(abs(n))",generated by this project (no third-party audio),b27ae61e8363f5863f6cdb27038ef569e2b22713e0e3d3cecf04cbf4d635e590,f1dcde382ddc105ac68f573a63a540756556136c7d6b2635565b391322c7f7a5
artillery_056.flac,artillery,impulsive,56,103056,12.0,192000,-21.9,-0.09,"n = defence_noise('artillery', 12, 16000, 103056); n = 0.99*n/max(abs(n))",generated by this project (no third-party audio),f157094398097e93416a647df577d48ee2ae695bd5e072c8cf06a85410212897,05deb1863bb164b7e859d558bf2c088515b76551039cb6e080e4431c37de777e
artillery_057.flac,artillery,impulsive,57,103057,12.0,192000,-19.06,-0.09,"n = defence_noise('artillery', 12, 16000, 103057); n = 0.99*n/max(abs(n))",generated by this project (no third-party audio),a5d00e442e0c68bc0e91df3e5c54e3682fb6323778b2407ce3ca29ba64661f9b,99a941a52532dba83bd4c3ce0f93dcdf83408a12999c09c14b2734495d49ddb3
artillery_058.flac,artillery,impulsive,58,103058,12.0,192000,-18.32,-0.09,"n = defence_noise('artillery', 12, 16000, 103058); n = 0.99*n/max(abs(n))",generated by this project (no third-party audio),c3235fd9c353e84b4d82a4ba7f33441c718ea7bfb09ce2456a2de637ae476594,338d99f08d2596de1e8ceae149abbe43faf5e69e9a320018a9422f0de4fd7b23
artillery_059.flac,artillery,impulsive,59,103059,12.0,192000,-22.5,-0.09,"n = defence_noise('artillery', 12, 16000, 103059); n = 0.99*n/max(abs(n))",generated by this project (no third-party audio),a3f091a8ce58d5a931ca993c87251992badd93592e634055882cf33c1144e628,594494d7d61823c62f7acd56959eee13b054a67d56432148c66a3ff1fd9870a7
artillery_060.flac,artillery,impulsive,60,103060,12.0,192000,-16.64,-0.09,"n = defence_noise('artillery', 12, 16000, 103060); n = 0.99*n/max(abs(n))",generated by this project (no third-party audio),a3c538c694de6ea2e8cd97bcde9977de55405d0e08c58d56d148fe49c2ed4827,0a5260f914dc0875f9134b7bc20bc94e8b4831a52c959c5d3a9a3437e00a39d1
battlefield_001.flac,battlefield,mixture,1,111001,12.0,192000,-27.53,-0.09,"n = defence_noise('battlefield', 12, 16000, 111001); n = 0.99*n/max(abs(n))",generated by this project (no third-party audio),b86f56ba9975a03c316369924c52b581dac260c65776a670bda171b1f70d5da8,e4a93e479bb251654ef97f4dce64cb3510da4e243e8eec10c4d74796425e130c
battlefield_002.flac,battlefield,mixture,2,111002,12.0,192000,-27.09,-0.09,"n = defence_noise('battlefield', 12, 16000, 111002); n = 0.99*n/max(abs(n))",generated by this project (no third-party audio),0b96b4b4ad0bf0146750cab239b694d165e372abf904be739106c9a6f3bbae6b,f97817d2716e3845195be13a59ae851061c00dc6482e0c5be3b82fcb1425bc4b
battlefield_003.flac,battlefield,mixture,3,111003,12.0,192000,-24.55,-0.09,"n = defence_noise('battlefield', 12, 16000, 111003); n = 0.99*n/max(abs(n))",generated by this project (no third-party audio),f655ceeb85306815aa0ea1ebec7a16ae5884135e3e576daa3bbdc9fe7b29c83c,8f28242929a1ecba1982b16cd98cbb3f54fac408208078853702c6cc5e7a7022
battlefield_004.flac,battlefield,mixture,4,111004,12.0,192000,-25.79,-0.09,"n = defence_noise('battlefield', 12, 16000, 111004); n = 0.99*n/max(abs(n))",generated by this project (no third-party audio),b121837b4876b47bcfeb6faf22bf5e3a1397caa2e07ee825f4172c0d334b72e4,a50b00beaa166f53b13195e1fa25d9a925f1b547e647f292b39d64887fc8b253
battlefield_005.flac,battlefield,mixture,5,111005,12.0,192000,-25.76,-0.09,"n = defence_noise('battlefield', 12, 16000, 111005); n = 0.99*n/max(abs(n))",generated by this project (no third-party audio),e2e59eb4e2f5853460d9ba5c1c4685db95991f0ec38014ae45172b100bca6a8d,1d5fc757a00dfc456f3b7645352dd299d2e4d31cbebae5153aa426aca54ba3f6
battlefield_006.flac,battlefield,mixture,6,111006,12.0,192000,-24.79,-0.09,"n = defence_noise('battlefield', 12, 16000, 111006); n = 0.99*n/max(abs(n))",generated by this project (no third-party audio),8313fc184bacf432769a84dda97daf03a44fc38dac9ec70d5a188f2f5f3fc039,9178245d2c1ed6300b99953ab15228d633447f21d251ffa8b1bb6b5a6ae69b2c
battlefield_007.flac,battlefield,mixture,7,111007,12.0,192000,-27.08,-0.09,"n = defence_noise('battlefield', 12, 16000, 111007); n = 0.99*n/max(abs(n))",generated by this project (no third-party audio),ddef46625e989d2e51bef2f7b33536c8fe20bc41fdd74689cc35359b776152a7,ba0a11d3502b26e1d67df9024337de727ddaf1955ec9b71041480b16b76376e9
battlefield_008.flac,battlefield,mixture,8,111008,12.0,192000,-30.65,-0.09,"n = defence_noise('battlefield', 12, 16000, 111008); n = 0.99*n/max(abs(n))",generated by this project (no third-party audio),eeea6cbdb42ac33b1de783763b81d4c8fcf28090f2c1796517cda58e04c423ca,ecafd8057d1481195f397ef71e3dc9792a28dc3799a7ee93e28511cb67a1e77d
battlefield_009.flac,battlefield,mixture,9,111009,12.0,192000,-25.46,-0.09,"n = defence_noise('battlefield', 12, 16000, 111009); n = 0.99*n/max(abs(n))",generated by this project (no third-party audio),8c41f96a5d6b7757bee1f5a6ae4ad7dce7b6577a8890709e5d9c00d833892946,35fe918cb5fc95172ec59e165cb41e273d734ad4dd08d4dec3d8d71fb6df40a1
battlefield_010.flac,battlefield,mixture,10,111010,12.0,192000,-26.25,-0.09,"n = defence_noise('battlefield', 12, 16000, 111010); n = 0.99*n/max(abs(n))",generated by this project (no third-party audio),0d8b5eb8f5e03bb03da11132211be9dbe513c97cae16bafc1aa03d9c8db0c4e3,b70fc914f8bc952220edb330ab65784337300cfad3c9d7e9b1181889abf1a70d
battlefield_011.flac,battlefield,mixture,11,111011,12.0,192000,-26.25,-0.09,"n = defence_noise('battlefield', 12, 16000, 111011); n = 0.99*n/max(abs(n))",generated by this project (no third-party audio),54f503f496ae46cd424dbfab3828374c49af010b65b9ccc563fab2a7be5979f1,e43acf191a8e5549720d72c2a4662d9ee95ecfda43a6bb6adcf9198a138fcb05
battlefield_012.flac,battlefield,mixture,12,111012,12.0,192000,-30.5,-0.09,"n = defence_noise('battlefield', 12, 16000, 111012); n = 0.99*n/max(abs(n))",generated by this project (no third-party audio),cf5c82ec9ed3c02cdbedd400f34f43b6a0425f07a7b883cd7ed597feb0b71fc9,fb0aa6282278762273fcc34f19ef432cd9ce80e2333cc5bf6c9b26ae41de9285
battlefield_013.flac,battlefield,mixture,13,111013,12.0,192000,-31.34,-0.09,"n = defence_noise('battlefield', 12, 16000, 111013); n = 0.99*n/max(abs(n))",generated by this project (no third-party audio),bdef0cf915f1512ee912434a4cb6b679e05ebe38f390c1de74a31b2f0b3f79d5,dad1c227c0f259d5698f18fdf1f149033a29cf602f8aa9f08ff5b9e8425a87c2
battlefield_014.flac,battlefield,mixture,14,111014,12.0,192000,-27.01,-0.09,"n = defence_noise('battlefield', 12, 16000, 111014); n = 0.99*n/max(abs(n))",generated by this project (no third-party audio),24140a9602ecf3882e8bc2aca67e3a8bcb8e619605f5d9e1a173539373f44715,7df07283c2aaa8c7d5828f133f5a48f3f348b2e39a23e2a71802f599c3d6d756
battlefield_015.flac,battlefield,mixture,15,111015,12.0,192000,-27.15,-0.09,"n = defence_noise('battlefield', 12, 16000, 111015); n = 0.99*n/max(abs(n))",generated by this project (no third-party audio),94aff5ac160bf99b65dd964ab17f7e16c200d02af3c7061771aa08e0740021d3,4078a84efca25895d1e59d3e76a3a1edfedbfa3d9eeb91df1740aa1e4f5674d9
battlefield_016.flac,battlefield,mixture,16,111016,12.0,192000,-26.43,-0.09,"n = defence_noise('battlefield', 12, 16000, 111016); n = 0.99*n/max(abs(n))",generated by this project (no third-party audio),7d988f033caf818829e9e27b055589f4cae5d7cce8c06ba7a397eadcebf27ee3,e30d7c13d408587ae9721163836b999d16738fe84850a5a5b214023ed5460ef8
battlefield_017.flac,battlefield,mixture,17,111017,12.0,192000,-27.1,-0.09,"n = defence_noise('battlefield', 12, 16000, 111017); n = 0.99*n/max(abs(n))",generated by this project (no third-party audio),30375e462f8a2fa3ad65c70bd821c8abf945bf9ff1deb9cc1a47ffd81c9628fc,87578b5d80f8a14476c7f5ede24c8aff955d806f76951f41a9bbdeacc84e9b52
battlefield_018.flac,battlefield,mixture,18,111018,12.0,192000,-25.35,-0.09,"n = defence_noise('battlefield', 12, 16000, 111018); n = 0.99*n/max(abs(n))",generated by this project (no third-party audio),eddd628b79928b4233072bce1a114382168a23d4957d0cbf601938dea88b2aaf,a199e53fef72c730f9f01ceae5d609a5856dde761ce8324ea739b2b3a7834049
battlefield_019.flac,battlefield,mixture,19,111019,12.0,192000,-27.92,-0.09,"n = defence_noise('battlefield', 12, 16000, 111019); n = 0.99*n/max(abs(n))",generated by this project (no third-party audio),bdebb306418545f848b3c98afd5f28d2159147b8ad6e837a9bc915eff65d3654,4db04e345bb26b745788001cbddfa8fb372c83d15d87e60a4722e0d40082db2d
battlefield_020.flac,battlefield,mixture,20,111020,12.0,192000,-27.55,-0.09,"n = defence_noise('battlefield', 12, 16000, 111020); n = 0.99*n/max(abs(n))",generated by this project (no third-party audio),181125c9e5b6987d5eb12b56a179d71323fec416594c2b7f6f5ba7aae54849a1,f97559c5f090b2a11d53a5207b3b9ec5a9258d0e086033318b7260c1ad75d955
battlefield_021.flac,battlefield,mixture,21,111021,12.0,192000,-26.79,-0.09,"n = defence_noise('battlefield', 12, 16000, 111021); n = 0.99*n/max(abs(n))",generated by this project (no third-party audio),d4432216eef98f43f48bb2c7da3bb5be62869dc9cc343d626590f31fe14db4a5,a8da8d33d7ad46ec7b06e25c5e40324c4c2f5f962c92e9d57ff323a79c4b1b1d
battlefield_022.flac,battlefield,mixture,22,111022,12.0,192000,-26.8,-0.09,"n = defence_noise('battlefield', 12, 16000, 111022); n = 0.99*n/max(abs(n))",generated by this project (no third-party audio),9d6a10c4e9090b6017f9e82af2a6f4e10ff000a8546f6686b0fe8e17de66a789,378c5947279fa199005bb7ce79ad53f336fabc7083075fb844a19ee8ad338bd1
battlefield_023.flac,battlefield,mixture,23,111023,12.0,192000,-29.23,-0.09,"n = defence_noise('battlefield', 12, 16000, 111023); n = 0.99*n/max(abs(n))",generated by this project (no third-party audio),ca5d2949debeec747ec933e34aa0ea20c600ed96a3e8accbcbd2780ebfb3eed5,7bf1b1fcce28c07928489c724a38687b7ccddb5020b4fdecea2b7e510ab60604
battlefield_024.flac,battlefield,mixture,24,111024,12.0,192000,-25.9,-0.09,"n = defence_noise('battlefield', 12, 16000, 111024); n = 0.99*n/max(abs(n))",generated by this project (no third-party audio),d72fffa1cbe22d633aceeae7452d2a66494b35a1d0f65c3737dd48bdb3d8ba8a,c2f0e4ce515850e804f8a607e0b20da96f49c84391a0904a2b48837276f44b1b
battlefield_025.flac,battlefield,mixture,25,111025,12.0,192000,-26.27,-0.09,"n = defence_noise('battlefield', 12, 16000, 111025); n = 0.99*n/max(abs(n))",generated by this project (no third-party audio),80411d2f2bceda7a1b53998c2308657b67bba52935a2388905dc2c8c38212479,e41d6882d312cf86a3c0823b086a07640f9201dbe39c3b82b0346e6b134f2a18
battlefield_026.flac,battlefield,mixture,26,111026,12.0,192000,-24.69,-0.09,"n = defence_noise('battlefield', 12, 16000, 111026); n = 0.99*n/max(abs(n))",generated by this project (no third-party audio),46f4573cb47f1e500d592fee9fdd203d856d5f520253124ed41d4540ad7c9520,54e9bd4816560ebccdafb79b50eb739c87cc296521ba766d2b29192c52f43916
battlefield_027.flac,battlefield,mixture,27,111027,12.0,192000,-27.35,-0.09,"n = defence_noise('battlefield', 12, 16000, 111027); n = 0.99*n/max(abs(n))",generated by this project (no third-party audio),981ff8eea2e8035602721eb2cced02e64c397c00b065843ba4baf361d4abc16a,5319511b227243d723bc7cdbfc7df67bf7e8fa3c75554ca2a64906f8225a9c53
battlefield_028.flac,battlefield,mixture,28,111028,12.0,192000,-27.58,-0.09,"n = defence_noise('battlefield', 12, 16000, 111028); n = 0.99*n/max(abs(n))",generated by this project (no third-party audio),137b29522b73cf44fff094923bc361648a978ac771fb16c6eea2ab7373778c89,5b51bb3632cf1a58139a08342567b7c884dc6976b19ce6e88073914c7976c925
battlefield_029.flac,battlefield,mixture,29,111029,12.0,192000,-27.13,-0.09,"n = defence_noise('battlefield', 12, 16000, 111029); n = 0.99*n/max(abs(n))",generated by this project (no third-party audio),760b7622befb105ce11431085e22b3063e97ffaf954fc5922747ddaebd88ab92,cf6f19f47902302ce164be851e855285fdbd8bd5de488a137d1758524a24dc46
battlefield_030.flac,battlefield,mixture,30,111030,12.0,192000,-26.17,-0.09,"n = defence_noise('battlefield', 12, 16000, 111030); n = 0.99*n/max(abs(n))",generated by this project (no third-party audio),579f37d2ecbb4f4fd6203eb8bae7315fc61f6797f907d361a23c100b7522039d,ee1814a8e3e8ce5bfab9544d3d6acc8a5277624e9fee8a5753a9f13989048106
battlefield_031.flac,battlefield,mixture,31,111031,12.0,192000,-24.88,-0.09,"n = defence_noise('battlefield', 12, 16000, 111031); n = 0.99*n/max(abs(n))",generated by this project (no third-party audio),1f2de9bd238becbd47eed05edde8e36cbf1816d8d78fc36aeb7a2ac767c963b1,6bbcb2596334aed22105abd92180982fb628f3db175bb18accc8eb9a9b8bb726
battlefield_032.flac,battlefield,mixture,32,111032,12.0,192000,-26.15,-0.09,"n = defence_noise('battlefield', 12, 16000, 111032); n = 0.99*n/max(abs(n))",generated by this project (no third-party audio),5329d4f2cddde8077007fa3050e1bee1c72e4f08b53874240df3c87a53663b7b,4eebcc9393c76286f27c23ca154bcd29a92d64f98b667f1b8534000e14ce0537
battlefield_033.flac,battlefield,mixture,33,111033,12.0,192000,-26.46,-0.09,"n = defence_noise('battlefield', 12, 16000, 111033); n = 0.99*n/max(abs(n))",generated by this project (no third-party audio),0609f9beaadccdfa3f09b5a7fd56f4609ff362ca0eae295a93043d621c9c3772,4cbc871bd4af877662c29f86ea5eab80a25d4799f9965518a1197f70e2d48605
battlefield_034.flac,battlefield,mixture,34,111034,12.0,192000,-25.95,-0.09,"n = defence_noise('battlefield', 12, 16000, 111034); n = 0.99*n/max(abs(n))",generated by this project (no third-party audio),42577369924fe62c175442afe925224953f94afe5444152c42d517c46eb5705d,0ec9268ff7141619e63f6c8938b552e16c72d983b35e3998cf3bfc20a0af8ea7
battlefield_035.flac,battlefield,mixture,35,111035,12.0,192000,-25.76,-0.09,"n = defence_noise('battlefield', 12, 16000, 111035); n = 0.99*n/max(abs(n))",generated by this project (no third-party audio),113cdaf0bfdf3224024d2ea54518b57d31c8dfc6cc449771594150a942d0c524,4b2d2290a4d925042f2288954e777104a78950796840d9006a782525fa53e7fa
battlefield_036.flac,battlefield,mixture,36,111036,12.0,192000,-25.88,-0.09,"n = defence_noise('battlefield', 12, 16000, 111036); n = 0.99*n/max(abs(n))",generated by this project (no third-party audio),8d2e0059f263c3191ec87d9e11dd26d80ce030f5ccd0de267b6647256a95dfaf,05f6ef0c5d457fee5860884079401c61ad4149cbf9524eb859e1ec3a71de62be
battlefield_037.flac,battlefield,mixture,37,111037,12.0,192000,-25.06,-0.09,"n = defence_noise('battlefield', 12, 16000, 111037); n = 0.99*n/max(abs(n))",generated by this project (no third-party audio),704cd3d0092a5be5c22e6dbb25ed5c7866198da2566d0bbff5741882eecc5b26,963eaffa58f83b2a0d66a2d1521dc0ce08ce5e407b95dff2fc5550764f804a4c
battlefield_038.flac,battlefield,mixture,38,111038,12.0,192000,-27.15,-0.09,"n = defence_noise('battlefield', 12, 16000, 111038); n = 0.99*n/max(abs(n))",generated by this project (no third-party audio),0d7ae210a50691814512e468a2284e677381ea5bd285e6d2b6d05f9133271edf,d59f036601246bcd3a00e9877f72c4327ed00059d22a89da0614ef164b1c1c1a
battlefield_039.flac,battlefield,mixture,39,111039,12.0,192000,-24.61,-0.09,"n = defence_noise('battlefield', 12, 16000, 111039); n = 0.99*n/max(abs(n))",generated by this project (no third-party audio),449d6ef90b7115c8a5448704ba129a0d59b7ef3d70a09b6c1f1e3be6ff47630c,0452a04695e655723495f8a5d6c493852a34f38908c2036eb670098b867c14a1
battlefield_040.flac,battlefield,mixture,40,111040,12.0,192000,-25.25,-0.09,"n = defence_noise('battlefield', 12, 16000, 111040); n = 0.99*n/max(abs(n))",generated by this project (no third-party audio),724be26a459b7acac83f41ec9b11b7d2dae7f1ad6c4f2ff41d12ab1f6b0daa30,19da906637df63a5c51446c936c04197a6f8498490846524a8e990d43aecb73e
battlefield_041.flac,battlefield,mixture,41,111041,12.0,192000,-24.69,-0.09,"n = defence_noise('battlefield', 12, 16000, 111041); n = 0.99*n/max(abs(n))",generated by this project (no third-party audio),253af0926a33cb02f1a0ac5a41e3eecce24eeffdb631c14a807a6e2cd3b624c0,69a0717b31a57006424ff47d17fac11e59d7f6521aa78bc3aca11bc0240ca74a
battlefield_042.flac,battlefield,mixture,42,111042,12.0,192000,-27.38,-0.09,"n = defence_noise('battlefield', 12, 16000, 111042); n = 0.99*n/max(abs(n))",generated by this project (no third-party audio),170e6386cf6aa4b9846e3dc46e7cec3c9fe7bc10994a1db37a04c48b5afeb219,d7b864664c9f8bd5097376c0bac5dfb3e10abcd3e7ae256ffa6f6858aecd0c92
battlefield_043.flac,battlefield,mixture,43,111043,12.0,192000,-29.57,-0.09,"n = defence_noise('battlefield', 12, 16000, 111043); n = 0.99*n/max(abs(n))",generated by this project (no third-party audio),c45112d761a125f647f16d7e3abcb51f2903503c1073d58bdcb05cf93f32585d,f505ce5ab66d3eb51e3c4d82fe9d7a2bcdc146843670e71127d53be1d54b1b7a
battlefield_044.flac,battlefield,mixture,44,111044,12.0,192000,-29.44,-0.09,"n = defence_noise('battlefield', 12, 16000, 111044); n = 0.99*n/max(abs(n))",generated by this project (no third-party audio),57fb7911f4a3ff38c0142e5265943b51c51886a2d7df0e3ab2a1c08d7f20eff3,36cfa31b0a7d45316edb875c5408970b3ea128e30dbc6161daa840d1e299b947
battlefield_045.flac,battlefield,mixture,45,111045,12.0,192000,-26.63,-0.09,"n = defence_noise('battlefield', 12, 16000, 111045); n = 0.99*n/max(abs(n))",generated by this project (no third-party audio),e2cb346e6322552ad09acab4d4ecd0010458adb034ac79365d098be6d6cec119,319dbc4d3d786be7f5ec56e5dc6ac8e519af02ae4924976826f516e65a653d8e
battlefield_046.flac,battlefield,mixture,46,111046,12.0,192000,-27.56,-0.09,"n = defence_noise('battlefield', 12, 16000, 111046); n = 0.99*n/max(abs(n))",generated by this project (no third-party audio),f187665129febcf0672f6f13ae788f734520f2f847efe62762bfab2e83195487,8ec98870562658e2d4cf0e29a3397c49c6ac8d9f21597322074a0e063b66cecf
battlefield_047.flac,battlefield,mixture,47,111047,12.0,192000,-25.68,-0.09,"n = defence_noise('battlefield', 12, 16000, 111047); n = 0.99*n/max(abs(n))",generated by this project (no third-party audio),4fb93e63f8d8e9759e9a03615fa044fe105de1082554f8aa7f0307b06d80d8a2,42eb9749d809896b42c43432b5aeb1ecd2b6d501510102ff2200ef7c2bc2ac26
battlefield_048.flac,battlefield,mixture,48,111048,12.0,192000,-25.96,-0.09,"n = defence_noise('battlefield', 12, 16000, 111048); n = 0.99*n/max(abs(n))",generated by this project (no third-party audio),500f6a4c68eee3e1d4e2ca12294c35dc435fb7da9ca84b0746fd2ac75e05c2a9,7d33eda56e023814e515d6c45df50f072f358817229b67f03080e9a719b5f86b
battlefield_049.flac,battlefield,mixture,49,111049,12.0,192000,-27.32,-0.09,"n = defence_noise('battlefield', 12, 16000, 111049); n = 0.99*n/max(abs(n))",generated by this project (no third-party audio),98218b7aefc5a9ba4c3b1fba04db1fa5686647aaf86ed7b71ea0f8286de8bd16,11ba498d90e1f6bbad6542e3468238cbe969b7103fbab05d647c8ac5db38d3a6
battlefield_050.flac,battlefield,mixture,50,111050,12.0,192000,-29.42,-0.09,"n = defence_noise('battlefield', 12, 16000, 111050); n = 0.99*n/max(abs(n))",generated by this project (no third-party audio),5b2415133c8cee67c85c1de5d623b5a0ac601e2eeaaad6136d9eeb40bcb83c6d,62fb4d8811138c0698e673a1a04fbe5e8cd3296a9bd3c3ace1f0880d403e7607
battlefield_051.flac,battlefield,mixture,51,111051,12.0,192000,-25.85,-0.09,"n = defence_noise('battlefield', 12, 16000, 111051); n = 0.99*n/max(abs(n))",generated by this project (no third-party audio),5d94e16c1d643599f5a644d904f1ab832fb567041f9cf02bc7ddfc26d16bdd3f,2b820d4909e858bd60b5e792935b673e78007c0be8f7ecd0d89b976cd412f572
battlefield_052.flac,battlefield,mixture,52,111052,12.0,192000,-26.34,-0.09,"n = defence_noise('battlefield', 12, 16000, 111052); n = 0.99*n/max(abs(n))",generated by this project (no third-party audio),771dd2deccadd8a45825469915dcab8276588f645846494e82c739dea543c439,febec4d52c1ed0090ff68c3e28dc1520acf001276369538267877b2649f4d1a9
battlefield_053.flac,battlefield,mixture,53,111053,12.0,192000,-25.8,-0.09,"n = defence_noise('battlefield', 12, 16000, 111053); n = 0.99*n/max(abs(n))",generated by this project (no third-party audio),9c602247dca43cdcfc6cfb2e81b3c768cbe9da91d7383d87895a2359001f23d5,8963f00fe953cd7e1512eaf123579580b0a445ef1b1cf93cfdf2dea82d4a9b94
battlefield_054.flac,battlefield,mixture,54,111054,12.0,192000,-29.97,-0.09,"n = defence_noise('battlefield', 12, 16000, 111054); n = 0.99*n/max(abs(n))",generated by this project (no third-party audio),07966def0c5e285ba52b8a306c1abfd8b076f93f0dee1a7f99e7481404e7b939,4834cde84918a8be2509938632a1567f718170c3a77e98343560c987adccdb80
battlefield_055.flac,battlefield,mixture,55,111055,12.0,192000,-27.12,-0.09,"n = defence_noise('battlefield', 12, 16000, 111055); n = 0.99*n/max(abs(n))",generated by this project (no third-party audio),831f3a563bd1bbf796fc5ddd0d132ac3477097f8a2f9468fc9735a2d34da1f5d,529dc06d6815e97a6d5fec9290a1c9a7aa33d1e84d0f931bdfa9604442384320
battlefield_056.flac,battlefield,mixture,56,111056,12.0,192000,-26.72,-0.09,"n = defence_noise('battlefield', 12, 16000, 111056); n = 0.99*n/max(abs(n))",generated by this project (no third-party audio),65371e0cdf2e107cea669a1d4db28526e693520cfe8bfdb44f54a4c8b101873d,f91eb63ed4c0ded80cb2e89f1f4b8e3c1d18b7f1c1b52fa7f2140c412af391bf
battlefield_057.flac,battlefield,mixture,57,111057,12.0,192000,-24.58,-0.09,"n = defence_noise('battlefield', 12, 16000, 111057); n = 0.99*n/max(abs(n))",generated by this project (no third-party audio),b3de9e871f98315903f293ab7523f01f472f2d7d29eb053611b9a395305d714d,e3a67a92a225c84cdc2afec518f7c22193c84a80f8c5707ee4908c9b37d5234f
battlefield_058.flac,battlefield,mixture,58,111058,12.0,192000,-31.48,-0.09,"n = defence_noise('battlefield', 12, 16000, 111058); n = 0.99*n/max(abs(n))",generated by this project (no third-party audio),8de1f00ab9b2f17ebe77f7a5100679f78eeffeee3ab771c3af9cae13ca9691e8,aea7844f3c3cd6720f441b3bd7803a2cd28b9bd66624ddf6676d431c2f8eac3e
battlefield_059.flac,battlefield,mixture,59,111059,12.0,192000,-26.71,-0.09,"n = defence_noise('battlefield', 12, 16000, 111059); n = 0.99*n/max(abs(n))",generated by this project (no third-party audio),6dddebb822db619e23104fe9dad5d8d592e1fdcafa4ae5c102f9b5c71b029dcd,7ec756c753886b09cb863c8e384d7e483b5529f35b1bea46efc728a152d6ac10
battlefield_060.flac,battlefield,mixture,60,111060,12.0,192000,-27.44,-0.09,"n = defence_noise('battlefield', 12, 16000, 111060); n = 0.99*n/max(abs(n))",generated by this project (no third-party audio),05d395d2f35d46416a36d1fbf6907767c6215dd5d2cb757008931ab42269944e,114ecaba8638f2d74efb53413b1560a5244d5a99da5d4fda5c139c5c2caddc63
drone_001.flac,drone,non-stationary,1,106001,12.0,192000,-13.12,-0.09,"n = defence_noise('drone', 12, 16000, 106001); n = 0.99*n/max(abs(n))",generated by this project (no third-party audio),7bd81c69e72b4c653c58f889b57862976e2ee2b846b57dd0e0441eededfbf1c9,3d47145bc43b17357417846c29d7e9041d08d3204ed4818d9f00c5a2164f4a11
drone_002.flac,drone,non-stationary,2,106002,12.0,192000,-12.49,-0.09,"n = defence_noise('drone', 12, 16000, 106002); n = 0.99*n/max(abs(n))",generated by this project (no third-party audio),1beb31fc3fae9271d363066a1c89c5a1e373c57637e4c7b7841c62842dceb61f,6b24547c2c2aa41b13fd61105b08bdde5a96d738e5d18f10d6b72f535c1d21c8
drone_003.flac,drone,non-stationary,3,106003,12.0,192000,-12.87,-0.09,"n = defence_noise('drone', 12, 16000, 106003); n = 0.99*n/max(abs(n))",generated by this project (no third-party audio),bd26aca755d3adc475b6d17b8195f874b9f64461b9942d7cba42019ac3c0ba3d,5f0399da19f85d1adfe358d0181fc10a0be859249f4e5cec417422bc45faf419
drone_004.flac,drone,non-stationary,4,106004,12.0,192000,-11.46,-0.09,"n = defence_noise('drone', 12, 16000, 106004); n = 0.99*n/max(abs(n))",generated by this project (no third-party audio),c41afd98d503ea4e939067d51650deb507d5a30e8f7e6f2449f8d660fb8c9611,a2299466a6b3917f562d775647af7a8162e4d374bfb57c79020f273bdf864968
drone_005.flac,drone,non-stationary,5,106005,12.0,192000,-13.04,-0.09,"n = defence_noise('drone', 12, 16000, 106005); n = 0.99*n/max(abs(n))",generated by this project (no third-party audio),fb306e33884b8ac668865d5c73aedf7368fb1344e8b268c91309c1f0721cfb2f,1043fb4ca3b8c6ee589874d806b35d116cd847dc48704a336624e74a2c82b23b
drone_006.flac,drone,non-stationary,6,106006,12.0,192000,-13.15,-0.09,"n = defence_noise('drone', 12, 16000, 106006); n = 0.99*n/max(abs(n))",generated by this project (no third-party audio),a34f4fe90f670292abf55bf3316adf7db05589caf9b701b179e620875d45c5ac,8be9b13c68bb14867fb31d883b694f96e3c05eed0b23dfc4d44b2a8866b7cdbf
drone_007.flac,drone,non-stationary,7,106007,12.0,192000,-13.38,-0.09,"n = defence_noise('drone', 12, 16000, 106007); n = 0.99*n/max(abs(n))",generated by this project (no third-party audio),7f22cb54c40ae7bf2951ee2e9f545a037c602cded2aa48226a835e73844b146b,c7aeeb0aff7d575baaa7ee706b37770221a50542f3a64243764616de1a436dd8
drone_008.flac,drone,non-stationary,8,106008,12.0,192000,-11.97,-0.09,"n = defence_noise('drone', 12, 16000, 106008); n = 0.99*n/max(abs(n))",generated by this project (no third-party audio),5b6d8775e739623266d808796435edf7463b1a79f1e660dbc837f8d81fcf5e57,5646147662d59963293dfdaf89905bab38402e494a28e2c57a4bd50fe42b1fa6
drone_009.flac,drone,non-stationary,9,106009,12.0,192000,-13.06,-0.09,"n = defence_noise('drone', 12, 16000, 106009); n = 0.99*n/max(abs(n))",generated by this project (no third-party audio),db1b945af758a3557761b13bc1b8af7d87d2ea050217330cbca41617abc7b177,ed0463517c71c2378c78e1aa4c4367a1e79c5a085644329bd7a922259024ff4b
drone_010.flac,drone,non-stationary,10,106010,12.0,192000,-12.12,-0.09,"n = defence_noise('drone', 12, 16000, 106010); n = 0.99*n/max(abs(n))",generated by this project (no third-party audio),317234f9e947e8b092065a94c4faaaeb8219e6156c5f526faf9ac02d04aaf429,93e832fd48dedd6a459988aff9dfb146439def7b27b765464a24fe2bc95393d2
drone_011.flac,drone,non-stationary,11,106011,12.0,192000,-12.13,-0.09,"n = defence_noise('drone', 12, 16000, 106011); n = 0.99*n/max(abs(n))",generated by this project (no third-party audio),b9544fe0dcef70ea6507f611f5aafff46f216e7d75c70e36cd70e732f902cb94,6449061dead18ebb4f1a4126f28ae3de527c276c29629ceb7b11a1082ec00b53
drone_012.flac,drone,non-stationary,12,106012,12.0,192000,-11.48,-0.09,"n = defence_noise('drone', 12, 16000, 106012); n = 0.99*n/max(abs(n))",generated by this project (no third-party audio),841ec3a659d1c5651e1eeff69a9c847c1cfc76e9cbcf7f1b396703eb4bda8b6a,257ff256b6905377f13c2e45af6e768a1cca1a91fb0f0b3496444533d147f4eb
drone_013.flac,drone,non-stationary,13,106013,12.0,192000,-11.63,-0.09,"n = defence_noise('drone', 12, 16000, 106013); n = 0.99*n/max(abs(n))",generated by this project (no third-party audio),c5a0bf46a57b419876e25be6d0c56e6e8c46050d8d7f974f101d725193fa49c2,aae0d975d85b6527275b444b05d3370cd1392c9e00be3a2c6c3a2049d91b13c2
drone_014.flac,drone,non-stationary,14,106014,12.0,192000,-11.78,-0.09,"n = defence_noise('drone', 12, 16000, 106014); n = 0.99*n/max(abs(n))",generated by this project (no third-party audio),8ef3bc0cb15c03270500aa013d5deda2cca30a8dac4de9846bf994620a9ca2aa,b2740eab1897fcf00fc31322427c95e187998c7951011b32f3d0e82b99debfaf
drone_015.flac,drone,non-stationary,15,106015,12.0,192000,-12.88,-0.09,"n = defence_noise('drone', 12, 16000, 106015); n = 0.99*n/max(abs(n))",generated by this project (no third-party audio),28d43916bbb7bc20795cf4b40584f44a98cca38763fd42c97fc41516c6c1b691,3fcb7336abf489e1eb0d5772f5bf5e684b16de8b11a8f65ddc68ff036f6bbe6a
drone_016.flac,drone,non-stationary,16,106016,12.0,192000,-11.37,-0.09,"n = defence_noise('drone', 12, 16000, 106016); n = 0.99*n/max(abs(n))",generated by this project (no third-party audio),6917e7e71d12a003c777553a00850720dfc29f9d0f589a9454698f018437b755,69c8264172ec7793543e4747d3400b8bd90bb5cb3fd634a0303ed1c3c86f5f1e
drone_017.flac,drone,non-stationary,17,106017,12.0,192000,-11.48,-0.09,"n = defence_noise('drone', 12, 16000, 106017); n = 0.99*n/max(abs(n))",generated by this project (no third-party audio),acb3882ce1d4a26ae96152905922b4098ad381fb01d15260660c423b0c8a8e87,e4eb45f58e688e9d863a852e9bd143e1f45685a6673c26b71291873f135cd0ca
drone_018.flac,drone,non-stationary,18,106018,12.0,192000,-12.42,-0.09,"n = defence_noise('drone', 12, 16000, 106018); n = 0.99*n/max(abs(n))",generated by this project (no third-party audio),39af7daead53e43f6fd3bc49b1671df5833329f5e5a672a60761c8f455b77604,84db9ef6f27c081c8f20384c233de088033411e454f34caab7e2d3870ca09f94
drone_019.flac,drone,non-stationary,19,106019,12.0,192000,-12.3,-0.09,"n = defence_noise('drone', 12, 16000, 106019); n = 0.99*n/max(abs(n))",generated by this project (no third-party audio),911680f3397889b093b92fb721f9359a552220cf9233fd3087edd4c5309b09ee,b65f1f48b6c55ac64e3dc2d7a98526302b10c308ec205bc0fc3f5e571ffaecbe
drone_020.flac,drone,non-stationary,20,106020,12.0,192000,-12.28,-0.09,"n = defence_noise('drone', 12, 16000, 106020); n = 0.99*n/max(abs(n))",generated by this project (no third-party audio),12b39363fcfcf7d766ef15b27d087e088f515c099691bd315add544ecfa21173,2785a0ff7c9f3beb65e1deb32348fc5873d561620bffc8f8241af49ecec9c7ac
drone_021.flac,drone,non-stationary,21,106021,12.0,192000,-11.8,-0.09,"n = defence_noise('drone', 12, 16000, 106021); n = 0.99*n/max(abs(n))",generated by this project (no third-party audio),f70da56d2264fb001efaf52b4aa1806370befd1453e5e0eba567ea3c4e6281c4,4895d0c83170d9afe462dc1a89356fd2c7ca241c392bcded895a2d921fd4bb38
drone_022.flac,drone,non-stationary,22,106022,12.0,192000,-11.97,-0.09,"n = defence_noise('drone', 12, 16000, 106022); n = 0.99*n/max(abs(n))",generated by this project (no third-party audio),3d2ece09600e9f3005885b81d67170521330052595c8d1505b60ae995898f174,10dd51d4eae12130f9e8f10de40207c1fcfeb3e6894a20e06bf35292a7e53a3b
drone_023.flac,drone,non-stationary,23,106023,12.0,192000,-12.2,-0.09,"n = defence_noise('drone', 12, 16000, 106023); n = 0.99*n/max(abs(n))",generated by this project (no third-party audio),77b31c7c7e8600648906b9aab66a3fe11f3488da0720c5fca3b499532c9da79f,102b118e2a2507b83da2050d89196f0a177f243612da8618880c19b9d3a05903
drone_024.flac,drone,non-stationary,24,106024,12.0,192000,-12.72,-0.09,"n = defence_noise('drone', 12, 16000, 106024); n = 0.99*n/max(abs(n))",generated by this project (no third-party audio),597b02ec7479a19d990a0fca7554f5e62e27167032b6a38119ba819cb5d10557,f168d1b888bd7a9692faf4f874a61df924a27f6367214a9726ae012542cb4643
drone_025.flac,drone,non-stationary,25,106025,12.0,192000,-12.53,-0.09,"n = defence_noise('drone', 12, 16000, 106025); n = 0.99*n/max(abs(n))",generated by this project (no third-party audio),8a117cdc9436a2fe56dcce2df20d3d3dd7a441b36b56f83b41dc9b49dc5dd193,244550eced9bc1286227022b308cb57e5eea4ed2691528e72c6f5642e5762091
drone_026.flac,drone,non-stationary,26,106026,12.0,192000,-11.84,-0.09,"n = defence_noise('drone', 12, 16000, 106026); n = 0.99*n/max(abs(n))",generated by this project (no third-party audio),381879c22d5f365d1a7dacce5817aafa40d63a3c23d9d7686946b583df451c14,caf4fbb63acbf37b41951d6a712c247a9fff542ada0fa5bde72919db3320dd84
drone_027.flac,drone,non-stationary,27,106027,12.0,192000,-12.65,-0.09,"n = defence_noise('drone', 12, 16000, 106027); n = 0.99*n/max(abs(n))",generated by this project (no third-party audio),7da93f3e24b078316e4a3f112e9c129f474910763d33f162d0359ff81192e599,d1f659237911e058e28aa433b8193aad1f6d421ec0128d10de84486bdcac10ac
drone_028.flac,drone,non-stationary,28,106028,12.0,192000,-12.63,-0.09,"n = defence_noise('drone', 12, 16000, 106028); n = 0.99*n/max(abs(n))",generated by this project (no third-party audio),6b7068320f4ef8db4c350d20e566e1f11eaa1d9451cd0223aa1c13f1a809dcc4,367456c4dbb38a7d411e310cf4df2baa1292639c9f318e34333f87f065082d3c
drone_029.flac,drone,non-stationary,29,106029,12.0,192000,-12.24,-0.09,"n = defence_noise('drone', 12, 16000, 106029); n = 0.99*n/max(abs(n))",generated by this project (no third-party audio),97f91a9c74fcd094a9aa751438c2eb4b0df23f17f40a42aa4f42904c69b6810e,a24e7b91216db2056a18f3616a81dd4a7ba2814354094886228046cc2f30511f
drone_030.flac,drone,non-stationary,30,106030,12.0,192000,-12.44,-0.09,"n = defence_noise('drone', 12, 16000, 106030); n = 0.99*n/max(abs(n))",generated by this project (no third-party audio),2f652161c819accd3bff09ecd746465ff7cf96db48d5c39337bf356ba3f50beb,a60ae02cf9f6527bd741c30ef1b3c3b855b58ef59893b5a6ced74416a2ec6be8
drone_031.flac,drone,non-stationary,31,106031,12.0,192000,-11.95,-0.09,"n = defence_noise('drone', 12, 16000, 106031); n = 0.99*n/max(abs(n))",generated by this project (no third-party audio),1fe1383fe52a319893392fce07a1509183b941f1716e53c474bdeb706cafebb7,4dc7477638b3f34123cdd574e6e8b926f2be1a619da1fa727afe5747ffc701e3
drone_032.flac,drone,non-stationary,32,106032,12.0,192000,-11.99,-0.09,"n = defence_noise('drone', 12, 16000, 106032); n = 0.99*n/max(abs(n))",generated by this project (no third-party audio),d951d238c9e1e94dd36d3fa86f143542c40abb6868679498f0bb250dfeaa29bb,5ed7944e76eb66bebb4d066033bb638dfa48b87254f03103d8cf14e3e131ab5f
drone_033.flac,drone,non-stationary,33,106033,12.0,192000,-13.62,-0.09,"n = defence_noise('drone', 12, 16000, 106033); n = 0.99*n/max(abs(n))",generated by this project (no third-party audio),7a374f6f8cf89ee1fee8f24618e0804bc59674d71fdcf4b42be1bd7ce2a600e9,645e0d1d89316008c108f9bc6af5d6e7501aef33b0b04c22bb6bb64d5666a28b
drone_034.flac,drone,non-stationary,34,106034,12.0,192000,-11.94,-0.09,"n = defence_noise('drone', 12, 16000, 106034); n = 0.99*n/max(abs(n))",generated by this project (no third-party audio),3442c956a7b4b6f2e654cd4782ef904c010a87324854249bf1a0dd4e57e0575a,766532e5603315d58cc41bfdea757b8092cc6ebc02a105f3d6a1aa2a70638869
drone_035.flac,drone,non-stationary,35,106035,12.0,192000,-12.06,-0.09,"n = defence_noise('drone', 12, 16000, 106035); n = 0.99*n/max(abs(n))",generated by this project (no third-party audio),bb9cdb141057ff3d6e3a71df1341439bf9b1916d2d84c330e99450590c3e96c5,674f9304739f0296df5c107352da4b18b3d3016a28674e09c3607fadbe5f7341
drone_036.flac,drone,non-stationary,36,106036,12.0,192000,-11.93,-0.09,"n = defence_noise('drone', 12, 16000, 106036); n = 0.99*n/max(abs(n))",generated by this project (no third-party audio),217e8ef492a2549bf4dfeca23a5ac4b7e61ef6d072173181e28ab3d019a6ce03,be9c1b8180f7fbb44856a0e0789e8c318159d7ce6c23ded6a95f7019a780b44d
drone_037.flac,drone,non-stationary,37,106037,12.0,192000,-12.13,-0.09,"n = defence_noise('drone', 12, 16000, 106037); n = 0.99*n/max(abs(n))",generated by this project (no third-party audio),0d16e0efc9c3a3e5818cdd42deac62405c5777bcfe2ca72a41b287da62905d75,a6315fbb49d05e0c89f5c9f8051afad4a2c519232d13940301adc6e2871bc310
drone_038.flac,drone,non-stationary,38,106038,12.0,192000,-12.31,-0.09,"n = defence_noise('drone', 12, 16000, 106038); n = 0.99*n/max(abs(n))",generated by this project (no third-party audio),d7466bf14cf35c0c4d89ebc40c3717ec886e2b33df6639c5b5ab286ecd24f2fb,68663a4c992b11f4917d6ee99e28886fe5de398d8842736cf5d003757068844e
drone_039.flac,drone,non-stationary,39,106039,12.0,192000,-11.45,-0.09,"n = defence_noise('drone', 12, 16000, 106039); n = 0.99*n/max(abs(n))",generated by this project (no third-party audio),2edfd7df8b25d6133f1c382509e70fbe4da4a6c56a67c2d49a0a2b9ee2e5eac6,37e6b0fce10c1a12a7c5c098d0b0a98b5d492b84d84728d7f0cd95dd975192b6
drone_040.flac,drone,non-stationary,40,106040,12.0,192000,-11.39,-0.09,"n = defence_noise('drone', 12, 16000, 106040); n = 0.99*n/max(abs(n))",generated by this project (no third-party audio),cc99c7faad23bd8d8d4ab872ac496a00bdd316880a8dbb188cd8d7bda1095f2e,97ee05382c89789dd8878bdbdaa95103c2d4aa81f4d8dca1f266ae027a6e2f6f
drone_041.flac,drone,non-stationary,41,106041,12.0,192000,-13.75,-0.09,"n = defence_noise('drone', 12, 16000, 106041); n = 0.99*n/max(abs(n))",generated by this project (no third-party audio),b04348192fafcbe911c8fc2c3a37de47a4346651e7db7f55600b9c610e3d375b,464bd8064c26a5c77444975753a9f315a95e9aa408bfcf85ff540d1aa7cd223d
drone_042.flac,drone,non-stationary,42,106042,12.0,192000,-13.42,-0.09,"n = defence_noise('drone', 12, 16000, 106042); n = 0.99*n/max(abs(n))",generated by this project (no third-party audio),87e9700ea2d175d47e73291b649c7b04a6c0b986e8f768f91b0d4fd61214f717,334a70efd8e2d5f22bb1c248cbebd757823551583f1aa46f1f7f09b6a07ff8e0
drone_043.flac,drone,non-stationary,43,106043,12.0,192000,-11.77,-0.09,"n = defence_noise('drone', 12, 16000, 106043); n = 0.99*n/max(abs(n))",generated by this project (no third-party audio),adc7e18c3933dc49416394820dc67d99994e22ad01e0ffdef2c287fb2f089bde,c4f8e1600702257a0e53eb459ac359d37ebaaa5ba078bc23627a5130dfe0141c
drone_044.flac,drone,non-stationary,44,106044,12.0,192000,-11.47,-0.09,"n = defence_noise('drone', 12, 16000, 106044); n = 0.99*n/max(abs(n))",generated by this project (no third-party audio),b7301b6674eec8295e6e346bbcd325044670610fbdaffbe42482b1c549ed5372,31532bae334656879ede29dc8a1646043cc0bc361b287014c71ecb431aa97d16
drone_045.flac,drone,non-stationary,45,106045,12.0,192000,-12.56,-0.09,"n = defence_noise('drone', 12, 16000, 106045); n = 0.99*n/max(abs(n))",generated by this project (no third-party audio),93d4479de1f72ef1cfeee8713bffb3e26b7f1df128604a316e74bcd84b6fcf84,9845646053c6385a2fd79193225c01d604cd18cf0b52181892826b3e395a77ec
drone_046.flac,drone,non-stationary,46,106046,12.0,192000,-12.06,-0.09,"n = defence_noise('drone', 12, 16000, 106046); n = 0.99*n/max(abs(n))",generated by this project (no third-party audio),a82ab3a92430e8ae0acd57f2df6cf1e4cd51fec8b15e4f38234101b3651b90b6,66106c2838cbb73b1273ae07b32e67cf726229e51cbd8e65850bb8175696541a
drone_047.flac,drone,non-stationary,47,106047,12.0,192000,-13.61,-0.09,"n = defence_noise('drone', 12, 16000, 106047); n = 0.99*n/max(abs(n))",generated by this project (no third-party audio),36bfed1bd3d1e2e7ffc04245cee5fca816653cb8ed835d1408791cf4c2b390f2,6757b4127fb2811991d85867a9bd75112f53798ffc063e153dc34b28b14f7fe6
drone_048.flac,drone,non-stationary,48,106048,12.0,192000,-12.66,-0.09,"n = defence_noise('drone', 12, 16000, 106048); n = 0.99*n/max(abs(n))",generated by this project (no third-party audio),fa27453c5828fa4423db1cd87a012fa2088a15be2c0b03f878979882d222b1d2,2e4f21d9318f2daf886da6c5d5a0ed932878a95e00f7361c215c4098e5f73896
drone_049.flac,drone,non-stationary,49,106049,12.0,192000,-11.73,-0.09,"n = defence_noise('drone', 12, 16000, 106049); n = 0.99*n/max(abs(n))",generated by this project (no third-party audio),ead2c17d35b8d333128e66108d84578acc82abeb34b2e415a3eba30d7caf528b,dc3febb5e46caac01b97dfbfe66c9554c4be1768697e3bd98ac4de3eb04d7227
drone_050.flac,drone,non-stationary,50,106050,12.0,192000,-11.59,-0.09,"n = defence_noise('drone', 12, 16000, 106050); n = 0.99*n/max(abs(n))",generated by this project (no third-party audio),e742b34f9cb630552418afbf32a5db588f0be3acd73a39b7a04737c81ab59cd5,453b3ce71d1771d93368f8cf2a9934ce5787b584f2f107e50206d164859e7520
drone_051.flac,drone,non-stationary,51,106051,12.0,192000,-12.45,-0.09,"n = defence_noise('drone', 12, 16000, 106051); n = 0.99*n/max(abs(n))",generated by this project (no third-party audio),ae369f2918f4c989f7cfe5ad3fdb67c46e65443938137805042c035f3014bf38,0688daa7e8182c301c95eb837ef8111ca91f6c0e9d2266105ca7c762352afa76
drone_052.flac,drone,non-stationary,52,106052,12.0,192000,-12.03,-0.09,"n = defence_noise('drone', 12, 16000, 106052); n = 0.99*n/max(abs(n))",generated by this project (no third-party audio),eff8a8048202f1d08741a50ad051d6f24b8c90116ac70f78cd76a3e063817ac5,7843782b28b7c77eece13078575802ea321d90e464a078b2c3d2237fe69e5853
drone_053.flac,drone,non-stationary,53,106053,12.0,192000,-11.56,-0.09,"n = defence_noise('drone', 12, 16000, 106053); n = 0.99*n/max(abs(n))",generated by this project (no third-party audio),a491de7456418b1adba5a19952bdcdd9bbbb41f02a8cb15e301791b9e31b034b,5600808df6ff65be89e510eb9aa45da96ec0bca383d4cf54acb2ddfdf12d578a
drone_054.flac,drone,non-stationary,54,106054,12.0,192000,-12.08,-0.09,"n = defence_noise('drone', 12, 16000, 106054); n = 0.99*n/max(abs(n))",generated by this project (no third-party audio),95223c07e44ff46a38b25b1001b65609dca9452490b84985e91468b93e83daaa,496a2dbe74d9de57e25e9a41faa542d2e961742d43e8fe22501c2cfac058515b
drone_055.flac,drone,non-stationary,55,106055,12.0,192000,-11.91,-0.09,"n = defence_noise('drone', 12, 16000, 106055); n = 0.99*n/max(abs(n))",generated by this project (no third-party audio),d2126ad59e26fdfb4cf8dcc080cdd6726a89a0dd556482541264725ac8ebfdeb,6085189054c49acadccf08680223167c7ca176c5beeee261e629f5828ff1e1c8
drone_056.flac,drone,non-stationary,56,106056,12.0,192000,-12.82,-0.09,"n = defence_noise('drone', 12, 16000, 106056); n = 0.99*n/max(abs(n))",generated by this project (no third-party audio),5eff97a571a1ea3a0ed55cb67d6ae0be65c6820479fbd39b6ed2cf8cf6891e17,4d06b078b40646789303c998b1b9dd3b736eef89a61b5cd71d5596269094b069
drone_057.flac,drone,non-stationary,57,106057,12.0,192000,-11.57,-0.09,"n = defence_noise('drone', 12, 16000, 106057); n = 0.99*n/max(abs(n))",generated by this project (no third-party audio),088b92877d6c1581049342ac341dbd2f0fbb991c279dd2a4412a11e7eaf3ae87,caca92d19eb67b41244038de577a680a74a84ea113b2f3cc9eb7afcb1aa2c02c
drone_058.flac,drone,non-stationary,58,106058,12.0,192000,-11.34,-0.09,"n = defence_noise('drone', 12, 16000, 106058); n = 0.99*n/max(abs(n))",generated by this project (no third-party audio),eae958e7baa0ecbb0820c93cb246c9c94cc6da26c65a06982912daa4a263f21d,c9fa5e5b22fdad0e9c4c043219c24eca8805e8b519f0eaaae8e98e7b099c2422
drone_059.flac,drone,non-stationary,59,106059,12.0,192000,-12.54,-0.09,"n = defence_noise('drone', 12, 16000, 106059); n = 0.99*n/max(abs(n))",generated by this project (no third-party audio),e9e42f37ef1378fab9197a16665ccbb182a340b43ff6be771a687361184bd416,e1a3a0d67a703c8c6ef1b03f6a8fe6762afdf5d4da97cf3b92c0180a0302930c
drone_060.flac,drone,non-stationary,60,106060,12.0,192000,-11.82,-0.09,"n = defence_noise('drone', 12, 16000, 106060); n = 0.99*n/max(abs(n))",generated by this project (no third-party audio),fbfbbcd1120ff07b3597e8262f609faab93e9bdb230afaa91b2dcd025c06bc65,775a6db3150daa8b71e00853220c2e447cc43d4d0c026f2b23c2a463a430136b
gunshot_001.flac,gunshot,impulsive,1,101001,12.0,192000,-31.28,-0.09,"n = defence_noise('gunshot', 12, 16000, 101001); n = 0.99*n/max(abs(n))",generated by this project (no third-party audio),0d11241b796568d6b98e7e3c05511135a7e571e987ff107df011d1478f0af0cb,5a685ebfaa41d7d43c661974058e2b5dcf54e35f4d8b53597e87587eace15d36
gunshot_002.flac,gunshot,impulsive,2,101002,12.0,192000,-30.13,-0.09,"n = defence_noise('gunshot', 12, 16000, 101002); n = 0.99*n/max(abs(n))",generated by this project (no third-party audio),fd799fee6d0e0a3a2b0e27b9afd2b81e32159d20c298e6cacad4ebd71c739245,0aa03ab765e2b3cfcbcc23ed3147c81e98abc793b77858d028b150176bd1c191
gunshot_003.flac,gunshot,impulsive,3,101003,12.0,192000,-31.1,-0.09,"n = defence_noise('gunshot', 12, 16000, 101003); n = 0.99*n/max(abs(n))",generated by this project (no third-party audio),b1b4be6caa3a2531393c00d04303c321a5e15f4fa7360de40030e96cdffe15b0,faec44749b39b624977bd72b7dc33b14113084e1939506e05855f558f6c696ed
gunshot_004.flac,gunshot,impulsive,4,101004,12.0,192000,-30.25,-0.09,"n = defence_noise('gunshot', 12, 16000, 101004); n = 0.99*n/max(abs(n))",generated by this project (no third-party audio),c1b88ce5a1aacfef582ef03ae53233a9dfa360dfce9b146c24d89c22942cd1c7,9b3b8d0abca784b629804107de45e01bfd13d6b4ad5a2c3771b8fee844cb1316
gunshot_005.flac,gunshot,impulsive,5,101005,12.0,192000,-31.01,-0.09,"n = defence_noise('gunshot', 12, 16000, 101005); n = 0.99*n/max(abs(n))",generated by this project (no third-party audio),c51656e5d2e734700c5b04e02725e15dc58567cb86fa623f372af89be6d4ac29,2071a8cb6e4c5d26f584e04f27482de6abab2c9cc25ade1ed4d47babcbbe8f28
gunshot_006.flac,gunshot,impulsive,6,101006,12.0,192000,-31.54,-0.09,"n = defence_noise('gunshot', 12, 16000, 101006); n = 0.99*n/max(abs(n))",generated by this project (no third-party audio),bfc3ebf56605be2128d9bc13dc85e03957998f3b3d6ad32107827f769260b230,05bd793c44d07665c02c5d3a06f8b9cacabcaf3a8eba9c22dd7464386f4da758
gunshot_007.flac,gunshot,impulsive,7,101007,12.0,192000,-32.85,-0.09,"n = defence_noise('gunshot', 12, 16000, 101007); n = 0.99*n/max(abs(n))",generated by this project (no third-party audio),f1feb503e3cc9a35a8f97c90a4dca0c09bd974c044c370445eb7a8bf082a787c,e40ce52e6cbd4e2cb05427006d16ad5903423dc13c9c902383fa6d93ef27761c
gunshot_008.flac,gunshot,impulsive,8,101008,12.0,192000,-32.11,-0.09,"n = defence_noise('gunshot', 12, 16000, 101008); n = 0.99*n/max(abs(n))",generated by this project (no third-party audio),4fb19f0dd4311a60900c927cc300507c135657f88baea052de37ebbe32272619,2927a5e5076aa0997d244c74762f96950813425e12e9ea3410acbf47c5844d30
gunshot_009.flac,gunshot,impulsive,9,101009,12.0,192000,-29.76,-0.09,"n = defence_noise('gunshot', 12, 16000, 101009); n = 0.99*n/max(abs(n))",generated by this project (no third-party audio),3a679c96f51af3d33d8e45cec5e91a549ffc650d0f5e0623a4474620a6d691eb,04705192cefe8d66fef3edf6b90f9e115ecc62ca808e1906b089b8b95c38c98f
gunshot_010.flac,gunshot,impulsive,10,101010,12.0,192000,-28.79,-0.09,"n = defence_noise('gunshot', 12, 16000, 101010); n = 0.99*n/max(abs(n))",generated by this project (no third-party audio),3ef5899b06eb4629eacf59f6cb97c82d2679f499fac350329f9685c2a8c94e4a,a2575586d703b3069b0f18de28a270adf640f09f5675d06445a94eb5517f4db3
gunshot_011.flac,gunshot,impulsive,11,101011,12.0,192000,-32.08,-0.09,"n = defence_noise('gunshot', 12, 16000, 101011); n = 0.99*n/max(abs(n))",generated by this project (no third-party audio),82dd2e4d5240e1020fb1a5891b85772078057cc9df03f73fe122bddc45be8b13,114c55dc71ea7371de2dbd56d82154da3fdfbb7aadd16078c9099b09959d914b
gunshot_012.flac,gunshot,impulsive,12,101012,12.0,192000,-29.42,-0.09,"n = defence_noise('gunshot', 12, 16000, 101012); n = 0.99*n/max(abs(n))",generated by this project (no third-party audio),8c4aeccd552e8f6ec44c3288823dc88683e288d577a775b748ff7345c11fde92,afe12f70bd4607fa516f91df663647bb77b9cf6c0f9ce822129a26bffd045642
gunshot_013.flac,gunshot,impulsive,13,101013,12.0,192000,-31.34,-0.09,"n = defence_noise('gunshot', 12, 16000, 101013); n = 0.99*n/max(abs(n))",generated by this project (no third-party audio),2f910c48d4c2e52229adf24c597b9e6c452b4d2a26a9459e7b4a6c31e21626b5,06c74c74afc570b1c0e17dfccd47fc7a0e33899257b7989d9d2525cbaeddf06d
gunshot_014.flac,gunshot,impulsive,14,101014,12.0,192000,-28.56,-0.09,"n = defence_noise('gunshot', 12, 16000, 101014); n = 0.99*n/max(abs(n))",generated by this project (no third-party audio),2b73bf7e728250a10ba76c3bfc21ee54b04b175576b5c3ffbab512707d531b11,2d3bdfeb7a5ff88f497508cb7c24ccfdf9ac971503ba01cfa3fbf7da1ed2e5b0
gunshot_015.flac,gunshot,impulsive,15,101015,12.0,192000,-30.84,-0.09,"n = defence_noise('gunshot', 12, 16000, 101015); n = 0.99*n/max(abs(n))",generated by this project (no third-party audio),8542ae2b13d6df67e615a20064663acb5a6e56d24cb2f736a076e08fa38dc390,cf868416933947659c59374350f099e9a699f4abae776ff31e54c2e87341c86b
gunshot_016.flac,gunshot,impulsive,16,101016,12.0,192000,-30.9,-0.09,"n = defence_noise('gunshot', 12, 16000, 101016); n = 0.99*n/max(abs(n))",generated by this project (no third-party audio),aa33b1245a035a4d212ae0b706f0deabf4fb9ff9a40c9335087abeb0027fbc5b,cde4f85f345e9dc5f5f288aa7c04060de463e11839f2ad69873e955cdf92c842
gunshot_017.flac,gunshot,impulsive,17,101017,12.0,192000,-33.07,-0.09,"n = defence_noise('gunshot', 12, 16000, 101017); n = 0.99*n/max(abs(n))",generated by this project (no third-party audio),460564a7c2498ed8ad16dd7228844696886fa2f50387712c8372ddb306d9194c,f4249afb61779f634fa706a5d74093d3bd8be47a6a1b64aa8402a637393ada02
gunshot_018.flac,gunshot,impulsive,18,101018,12.0,192000,-29.53,-0.09,"n = defence_noise('gunshot', 12, 16000, 101018); n = 0.99*n/max(abs(n))",generated by this project (no third-party audio),530e67804b62ae583bc69e88241b49aa277f5185413d6b63db81a84d26ae3023,b5d8a1b77c2d75e2bddc034ba9f1f1f4c3e004876fcf234eed6a929cf6377401
gunshot_019.flac,gunshot,impulsive,19,101019,12.0,192000,-29.05,-0.09,"n = defence_noise('gunshot', 12, 16000, 101019); n = 0.99*n/max(abs(n))",generated by this project (no third-party audio),cf262fe3674781256d84ddebc3f12bc494071b779db0a024de62305446e89614,42d46280e428ac965e630d9a594a346311224025789e817e90a851702fd9dddb
gunshot_020.flac,gunshot,impulsive,20,101020,12.0,192000,-31.27,-0.09,"n = defence_noise('gunshot', 12, 16000, 101020); n = 0.99*n/max(abs(n))",generated by this project (no third-party audio),e0b66afa06eccd995052f1ee5450857858cf309308ce795d2dc5a96d15a0af26,4c0a3fdaa14bcb15241be7e1064966ebcb24385269d1b9a4e28a8e358d48affe
gunshot_021.flac,gunshot,impulsive,21,101021,12.0,192000,-29.69,-0.09,"n = defence_noise('gunshot', 12, 16000, 101021); n = 0.99*n/max(abs(n))",generated by this project (no third-party audio),c06a96230c59caa0b70d1cc887422f3d4414986b4f36f927e9be11ee9ccf2cae,b7d7ef3eb3f5b3366b35e33e8612d90dd9b8ffb16616c0d5a1418d900b2545a7
gunshot_022.flac,gunshot,impulsive,22,101022,12.0,192000,-31.55,-0.09,"n = defence_noise('gunshot', 12, 16000, 101022); n = 0.99*n/max(abs(n))",generated by this project (no third-party audio),7966e4ad82867e96450c87b8cee4f0b5ff11df5ecdfd5f93d72142624e4dd73a,eecb71debd7410d6c02bc934ec4d134610f0a00f1475139f831ba376f4244fe2
gunshot_023.flac,gunshot,impulsive,23,101023,12.0,192000,-28.32,-0.09,"n = defence_noise('gunshot', 12, 16000, 101023); n = 0.99*n/max(abs(n))",generated by this project (no third-party audio),4c9f087f40f18e554c63d56483c9a3a5ff169a75c73bc2c4b5c8ab2c3aea0fad,2530ba6beaf9cb0e2fc02f412fe53bd3cca55f7981b8662c402c2b7b818a5b50
gunshot_024.flac,gunshot,impulsive,24,101024,12.0,192000,-32.55,-0.09,"n = defence_noise('gunshot', 12, 16000, 101024); n = 0.99*n/max(abs(n))",generated by this project (no third-party audio),8a21b8c08c15ec0ff5b11c83015ba90ed38c9e171b20bc1a8a1d8686e8c41ed4,0dd901f19967b6a9aa2e1d0c3da983cf5b45441ba7b4d5e8754de24e5ab871d5
gunshot_025.flac,gunshot,impulsive,25,101025,12.0,192000,-29.33,-0.09,"n = defence_noise('gunshot', 12, 16000, 101025); n = 0.99*n/max(abs(n))",generated by this project (no third-party audio),13940c4d11aa706c0eb2f9c193470c825c0e2eae7fe839231a7b501a7408fc1a,bd6268752cd2f0440805a9e27ab4171d891a840cb2538d402bf668e1408e28c7
gunshot_026.flac,gunshot,impulsive,26,101026,12.0,192000,-32.23,-0.09,"n = defence_noise('gunshot', 12, 16000, 101026); n = 0.99*n/max(abs(n))",generated by this project (no third-party audio),0c7544c471d0b39faec426a34dad44eb80f717677a31dafe89336af1dd9d4f39,26f1392c096344c75a8a4f941bed15a86051d2166ea7a040eb1fc6d4d6276374
gunshot_027.flac,gunshot,impulsive,27,101027,12.0,192000,-32.99,-0.09,"n = defence_noise('gunshot', 12, 16000, 101027); n = 0.99*n/max(abs(n))",generated by this project (no third-party audio),979c535dc168b2f7d81172d71f0d8aa1c7ea4412e9e2360b83c3056301f2ed5d,e341fb6c48bec2c915c6d6927d6c15f0530c885712d97c74f468ec70cf901317
gunshot_028.flac,gunshot,impulsive,28,101028,12.0,192000,-29.25,-0.09,"n = defence_noise('gunshot', 12, 16000, 101028); n = 0.99*n/max(abs(n))",generated by this project (no third-party audio),43be812e0b1953dcacb02b59cfdd3241128a3a65cbf439968cf36a55fd3f673c,4a1cd026eca57f4bcb41816a74348363c7a618a4e9fc071fceae8ca6f9f52270
gunshot_029.flac,gunshot,impulsive,29,101029,12.0,192000,-31.49,-0.09,"n = defence_noise('gunshot', 12, 16000, 101029); n = 0.99*n/max(abs(n))",generated by this project (no third-party audio),c140e4cb5d0c6ee890b53e3180e87aff9461276ccd03575dfaacf996f14d8994,8501933fc739dbb8f27cf187a09ef0300f145607e69ee966e854b2e0e9238c66
gunshot_030.flac,gunshot,impulsive,30,101030,12.0,192000,-33.27,-0.09,"n = defence_noise('gunshot', 12, 16000, 101030); n = 0.99*n/max(abs(n))",generated by this project (no third-party audio),8ca50a2ca9d3446cd11354e339422628b632c554584c701cd677d4898ad0f06e,ebedb7fafff22fef8fe936e6dfc0398442c6ce4b2a6633e0cc0dbdc7101d4980
gunshot_031.flac,gunshot,impulsive,31,101031,12.0,192000,-29.9,-0.09,"n = defence_noise('gunshot', 12, 16000, 101031); n = 0.99*n/max(abs(n))",generated by this project (no third-party audio),200025ae607ae85ee45b5209779a77b4899701cf1a3a1768aa280f9b6f647bca,0eeb3d5154dde6d693fc7952281326d77b525a97712ae4791e991abfbe96f3c4
gunshot_032.flac,gunshot,impulsive,32,101032,12.0,192000,-31.93,-0.09,"n = defence_noise('gunshot', 12, 16000, 101032); n = 0.99*n/max(abs(n))",generated by this project (no third-party audio),6fd055d6ae16c06fd33a582bdd413daf11740ad10bd5afb297862c166dfbc5a7,58d623c71781ff056c11cda8b3e1ac8a9da6959ee181641517689289f53b1a6f
gunshot_033.flac,gunshot,impulsive,33,101033,12.0,192000,-31.22,-0.09,"n = defence_noise('gunshot', 12, 16000, 101033); n = 0.99*n/max(abs(n))",generated by this project (no third-party audio),e03723c54ec7190244682dadf3b3332ce44fa0b4c14938e82f8add257723d251,52cfd44e88311f696dfcf3e0c4b2c43f36683d18ed984c6d65cb637f7989f965
gunshot_034.flac,gunshot,impulsive,34,101034,12.0,192000,-30.6,-0.09,"n = defence_noise('gunshot', 12, 16000, 101034); n = 0.99*n/max(abs(n))",generated by this project (no third-party audio),968b362c045246c545b359a8819776e1dc076a986b68237218bb02178baeed33,9750799169f54fe32a4eb225673bd0d9e3fcec51785c3e8c0c61bb70dd814a90
gunshot_035.flac,gunshot,impulsive,35,101035,12.0,192000,-30.79,-0.09,"n = defence_noise('gunshot', 12, 16000, 101035); n = 0.99*n/max(abs(n))",generated by this project (no third-party audio),14f971c9164f2a0e6cb1ea8fc52d11f16ed77aa39b91f3aa431527d5433980bc,34b3b7f6872621acd487a0a80ebf2dc23a485520fd806c761ee9f586bf6b5fc6
gunshot_036.flac,gunshot,impulsive,36,101036,12.0,192000,-31.0,-0.09,"n = defence_noise('gunshot', 12, 16000, 101036); n = 0.99*n/max(abs(n))",generated by this project (no third-party audio),e65f7f3910bbe500c4f86dc39943c80921efb6ce37c7b4d1f3502abdd3d36e2f,d1ecc40c641772a3dcbe3954a8e0306634e6a05660b12f63ca16d53966f74622
gunshot_037.flac,gunshot,impulsive,37,101037,12.0,192000,-31.37,-0.09,"n = defence_noise('gunshot', 12, 16000, 101037); n = 0.99*n/max(abs(n))",generated by this project (no third-party audio),ffd3b6b7c47dec5b3843847f042d5296f5d2202716c9e28ce9f69abf2266f786,f352f5c1c9be8bdbb55c80657a1f8d47034fc9376284ccd98d5aa5df8647877a
gunshot_038.flac,gunshot,impulsive,38,101038,12.0,192000,-29.73,-0.09,"n = defence_noise('gunshot', 12, 16000, 101038); n = 0.99*n/max(abs(n))",generated by this project (no third-party audio),97363cc3f6a2c46a700f3a76e90a19477327c5bc2995512f75d0a38a31d17717,7ab45d41ddcb7b11693f7c8788424a0206af762917ed4b212f3a768fe4202ec6
gunshot_039.flac,gunshot,impulsive,39,101039,12.0,192000,-33.75,-0.09,"n = defence_noise('gunshot', 12, 16000, 101039); n = 0.99*n/max(abs(n))",generated by this project (no third-party audio),2bcb9aeea8882eb883975e9d237d21df2b22cb446eb2c05f6cdf3fbb4ebe70bf,57e8f7739445dddfe2925a8a5a9ffac3c58655f5f9dd764c1bb9a8f7b14b6eb8
gunshot_040.flac,gunshot,impulsive,40,101040,12.0,192000,-31.0,-0.09,"n = defence_noise('gunshot', 12, 16000, 101040); n = 0.99*n/max(abs(n))",generated by this project (no third-party audio),ff36b99e0a553ebb70809850b70c3c1053df23086bc9b8ebe5f0113d056ae82c,66872bbe9e8ff6152d779d2eec7d96f29b64009e987dade574c6ab8ccea3a0ce
gunshot_041.flac,gunshot,impulsive,41,101041,12.0,192000,-32.6,-0.09,"n = defence_noise('gunshot', 12, 16000, 101041); n = 0.99*n/max(abs(n))",generated by this project (no third-party audio),e3bd4cba0418568a14f54dbca9fbe06384ec9adfb93d0acfa50d8fd56f9cb67e,a2c67ad80c46c79f5668215f9fbffaf399e71806701c4caa0e35d5fc34f9b343
gunshot_042.flac,gunshot,impulsive,42,101042,12.0,192000,-31.09,-0.09,"n = defence_noise('gunshot', 12, 16000, 101042); n = 0.99*n/max(abs(n))",generated by this project (no third-party audio),e84416ee543a2e40249741e700ff0915982b4dddecf0fb33386c996004670ec6,5d5484280bc3ad9b3050e9312b64eeff65af711ce0e9f8c00ba4ed353be4b61e
gunshot_043.flac,gunshot,impulsive,43,101043,12.0,192000,-31.59,-0.09,"n = defence_noise('gunshot', 12, 16000, 101043); n = 0.99*n/max(abs(n))",generated by this project (no third-party audio),0196b0b793a95be52c2ec9111b676015758a6f0706d1f5f3617b5fbc1d4ea2c5,a013a5fcd96fa0fad9e70a3d456515b210ed1f4c0a3f64437fe00a32e081d300
gunshot_044.flac,gunshot,impulsive,44,101044,12.0,192000,-31.06,-0.09,"n = defence_noise('gunshot', 12, 16000, 101044); n = 0.99*n/max(abs(n))",generated by this project (no third-party audio),35bcfa1d1e609aa35b07fdb17d888fde189d8712af3203883b24c50bb7a4573e,1b3ea6be7a800aecf492b90ffffe79de374c7f7e4e95ebe1e7aad6fa0129aae8
gunshot_045.flac,gunshot,impulsive,45,101045,12.0,192000,-29.76,-0.09,"n = defence_noise('gunshot', 12, 16000, 101045); n = 0.99*n/max(abs(n))",generated by this project (no third-party audio),83ba2aef5191c625dfecd8953c1d553ec1e2472b20ef697e3aa0d8f14cebf84a,6cee3ae71335273ad116ab43b8f567bc3fc93cfa0ae85ba9f80c6a180c46c057
gunshot_046.flac,gunshot,impulsive,46,101046,12.0,192000,-29.73,-0.09,"n = defence_noise('gunshot', 12, 16000, 101046); n = 0.99*n/max(abs(n))",generated by this project (no third-party audio),0fca7e387b98ded002137a5a276a1891f53f483d04e1bd4674e89ac2334cdb7b,c867f35e9913f2ff079ce505793c60ace384ecd449a9a0c28b0423790c0e6d46
gunshot_047.flac,gunshot,impulsive,47,101047,12.0,192000,-32.35,-0.09,"n = defence_noise('gunshot', 12, 16000, 101047); n = 0.99*n/max(abs(n))",generated by this project (no third-party audio),278cb52bc5fa2893303fa1907f6b76f1000aadd16a49cc2d8d795d5e026ae41d,4244c75246e3250471a599e1aa055b8a7155f42c185d7e70d8b30e53d36f2752
gunshot_048.flac,gunshot,impulsive,48,101048,12.0,192000,-30.38,-0.09,"n = defence_noise('gunshot', 12, 16000, 101048); n = 0.99*n/max(abs(n))",generated by this project (no third-party audio),2055cf56ad171e3406c25315ff15fc6909a7f1145a7de6e7756e883d31bb3c47,edfc9ad791a548aef3758fd5fcc20fbeeae32df2881d15febbf43b2339bb948a
gunshot_049.flac,gunshot,impulsive,49,101049,12.0,192000,-30.54,-0.09,"n = defence_noise('gunshot', 12, 16000, 101049); n = 0.99*n/max(abs(n))",generated by this project (no third-party audio),1bd3e4855a1ee181532fe4d346ad1c226af35d6ddd6dc8654df762b9a0337639,02b387a92d12fc098d503f08434e8ef489e964d7c7f35995d17772f3e8e58a70
gunshot_050.flac,gunshot,impulsive,50,101050,12.0,192000,-30.66,-0.09,"n = defence_noise('gunshot', 12, 16000, 101050); n = 0.99*n/max(abs(n))",generated by this project (no third-party audio),206a18398575298bbd042f4530827fcd2080ce3cbfc5894332e17e3bd01d2d3a,4febd4abbe9c355a02b482e9613f843c391ac94fc32338fbde01adbc96fac66b
gunshot_051.flac,gunshot,impulsive,51,101051,12.0,192000,-35.97,-0.09,"n = defence_noise('gunshot', 12, 16000, 101051); n = 0.99*n/max(abs(n))",generated by this project (no third-party audio),de18e7c4a35d4295f3ea73bd0351c58229ffa98ffaee31a277525f814c071270,7791050f4936a83972c4ff9afc0230704705c47987e3eb907f2655e2b30f66b3
gunshot_052.flac,gunshot,impulsive,52,101052,12.0,192000,-30.86,-0.09,"n = defence_noise('gunshot', 12, 16000, 101052); n = 0.99*n/max(abs(n))",generated by this project (no third-party audio),94ec56597897f9bf79f08092dab3638424e5a215cae5e957ea28d3f17026addc,092fbee4b9325d168c5f67dbc4656c62ff8ca7fdbff5d7fde453052a39c85d64
gunshot_053.flac,gunshot,impulsive,53,101053,12.0,192000,-32.73,-0.09,"n = defence_noise('gunshot', 12, 16000, 101053); n = 0.99*n/max(abs(n))",generated by this project (no third-party audio),7d5caaa1e5220b4148550e142d2f999d07d6cdb34dd4096a37778fb50f875160,858964d30b16025ed5d67b543baad798793d900a3bbaff63d47b62631617adbe
gunshot_054.flac,gunshot,impulsive,54,101054,12.0,192000,-30.35,-0.09,"n = defence_noise('gunshot', 12, 16000, 101054); n = 0.99*n/max(abs(n))",generated by this project (no third-party audio),3621cbd0431622e058565fe47def9fb8c5a70ab21d122addeb8268301d3f6fb7,d71ac244047a81294c97548bd30dc780c3ee1ba66ae0d14f6f5cfbb6b0d10798
gunshot_055.flac,gunshot,impulsive,55,101055,12.0,192000,-29.2,-0.09,"n = defence_noise('gunshot', 12, 16000, 101055); n = 0.99*n/max(abs(n))",generated by this project (no third-party audio),266810a07e0c36adba47b985248903493bcf341b41833248f871517f3d9727e1,be898fb2ee90504fc1af9a84be25644e948db77fc8e50f4e7db872c30d649a83
gunshot_056.flac,gunshot,impulsive,56,101056,12.0,192000,-30.31,-0.09,"n = defence_noise('gunshot', 12, 16000, 101056); n = 0.99*n/max(abs(n))",generated by this project (no third-party audio),a1d554c65163d1cae8eaf02b328019df29ad89396f68476c5b4c37f2e8c539b8,08ab7e8de921c85c9956298367cb5f8a1278720f93cf9f6995c0d1b4bb3bd91e
gunshot_057.flac,gunshot,impulsive,57,101057,12.0,192000,-29.71,-0.09,"n = defence_noise('gunshot', 12, 16000, 101057); n = 0.99*n/max(abs(n))",generated by this project (no third-party audio),fab70d9122674e9f3acdb9a2377c2d645a5c9f6c714217cecd92b219de59979b,e7efc251885c06df8ea042ef4dd7c0f20adce282003ddef70f5cf73ac698f1fd
gunshot_058.flac,gunshot,impulsive,58,101058,12.0,192000,-28.79,-0.09,"n = defence_noise('gunshot', 12, 16000, 101058); n = 0.99*n/max(abs(n))",generated by this project (no third-party audio),3b142e56fcf881adc394a55903af9a4848f853cf035059261057a3ed66e6206c,5c15b5b35fe6af92fa17314abb3f3d8f471393dafe137e6463bf00eec7ff33ba
gunshot_059.flac,gunshot,impulsive,59,101059,12.0,192000,-30.31,-0.09,"n = defence_noise('gunshot', 12, 16000, 101059); n = 0.99*n/max(abs(n))",generated by this project (no third-party audio),942e0fc0e4d673fc97eff461049e4b5c9cefde4563c85bc53278d51c9250a20e,0c0dea88b5c8cb005c06e7040a964a0bb13a459f12f7f8d885b53bc52cab4ac9
gunshot_060.flac,gunshot,impulsive,60,101060,12.0,192000,-31.05,-0.09,"n = defence_noise('gunshot', 12, 16000, 101060); n = 0.99*n/max(abs(n))",generated by this project (no third-party audio),42baf396909197280482845ee725b31363abfd7866c64e94844c615776f183b9,1b1819681d1ef356b942592af928327a2f7657150a029089cf67bb780556f0be
helicopter_001.flac,helicopter,non-stationary,1,104001,12.0,192000,-18.83,-0.09,"n = defence_noise('helicopter', 12, 16000, 104001); n = 0.99*n/max(abs(n))",generated by this project (no third-party audio),23dcd9f15fb6bbdb726b5adfc5883635dcb4518a2098d6e8a1bb57527158bd1f,354dd926f2599f4306bb31ba29f0d50a615eb87a162afb84589f45f0d93dd2da
helicopter_002.flac,helicopter,non-stationary,2,104002,12.0,192000,-18.78,-0.09,"n = defence_noise('helicopter', 12, 16000, 104002); n = 0.99*n/max(abs(n))",generated by this project (no third-party audio),54e2449f24584d59f8fb04c0d39d270ae0a272b17d1f100919bdb360d2efa7b3,550abb7bdc22c4ae87afed9e6cd26b4e212421993fa0bd6b112e4a427b145374
helicopter_003.flac,helicopter,non-stationary,3,104003,12.0,192000,-18.66,-0.09,"n = defence_noise('helicopter', 12, 16000, 104003); n = 0.99*n/max(abs(n))",generated by this project (no third-party audio),a880fdb13ca227a5f147e0846af6cf41fcc73a9589564d30ac6c6902f3fef3fa,e91678943765879050c9b2bdccaa3d91bf4d6765eb636d79db59afdae4551c35
helicopter_004.flac,helicopter,non-stationary,4,104004,12.0,192000,-20.16,-0.09,"n = defence_noise('helicopter', 12, 16000, 104004); n = 0.99*n/max(abs(n))",generated by this project (no third-party audio),a969e2da8a3d0ab52acd36eab9a3950ae06ba05d72b01803bb9250186cdc4a6e,48eaf2b223679a2d298a54857d1c6a16921748e6e0eb6da62612a62a357fe609
helicopter_005.flac,helicopter,non-stationary,5,104005,12.0,192000,-19.42,-0.09,"n = defence_noise('helicopter', 12, 16000, 104005); n = 0.99*n/max(abs(n))",generated by this project (no third-party audio),e0c1f5f1c291a7f16b5785032ca4d4eeb1d25c1ef283cf0ba1fea7ef7c88d9ee,b8200de13c624548c3eaf0c54713759a8e1ffd9ae4cde6af254c83dbb1fa1e7d
helicopter_006.flac,helicopter,non-stationary,6,104006,12.0,192000,-18.34,-0.09,"n = defence_noise('helicopter', 12, 16000, 104006); n = 0.99*n/max(abs(n))",generated by this project (no third-party audio),d39a4939541459e714730899d5b6d65fddd4319ea93ea3eb780904d75ae7babd,8778f22160a3b101f55411f0960b9e3526cef3b0818627cb691854bfbdd7f090
helicopter_007.flac,helicopter,non-stationary,7,104007,12.0,192000,-19.48,-0.09,"n = defence_noise('helicopter', 12, 16000, 104007); n = 0.99*n/max(abs(n))",generated by this project (no third-party audio),0b176e5293064b98bf3d2756b1d88ff23d5a7a1e2de19c9bee1e0dea24dc5a21,270b4fa1f706b0e8f753af62183d074cd31249a3fd56fad5e01e118ccc331e10
helicopter_008.flac,helicopter,non-stationary,8,104008,12.0,192000,-19.3,-0.09,"n = defence_noise('helicopter', 12, 16000, 104008); n = 0.99*n/max(abs(n))",generated by this project (no third-party audio),5d4abf7a0a5771e7dea06edfb081014661a2dba79f5708d231424bb4f15951cb,8b564bf63a4b6331dc0635c7a03630ff121c89eabff8966833a004e71e32548a
helicopter_009.flac,helicopter,non-stationary,9,104009,12.0,192000,-19.78,-0.09,"n = defence_noise('helicopter', 12, 16000, 104009); n = 0.99*n/max(abs(n))",generated by this project (no third-party audio),43371758575da4bf70ca29cbdc3a3887ffa015a867d6e78fda2ca0632eeae173,74d0d3dae0420e5465ef35d29254f255bc2de2cefa44619eecdab7a117a46d3c
helicopter_010.flac,helicopter,non-stationary,10,104010,12.0,192000,-19.61,-0.09,"n = defence_noise('helicopter', 12, 16000, 104010); n = 0.99*n/max(abs(n))",generated by this project (no third-party audio),7d8b9f7dcb3b5b40b470a4fdfab1cb388d8f27be39f7000d257077763abd8c36,debf0c631cb65d1aa967eb4454a27de1130e880fc1e68bbe3636b29d4c24eefa
helicopter_011.flac,helicopter,non-stationary,11,104011,12.0,192000,-18.88,-0.09,"n = defence_noise('helicopter', 12, 16000, 104011); n = 0.99*n/max(abs(n))",generated by this project (no third-party audio),5ae5f16f62064439377311e0aad51e844781877997a47d8564f2b8e9c410e723,11b030d58be51503a83f98a80519ce77c8683a73bc0f6769d90ca2958af240cb
helicopter_012.flac,helicopter,non-stationary,12,104012,12.0,192000,-18.48,-0.09,"n = defence_noise('helicopter', 12, 16000, 104012); n = 0.99*n/max(abs(n))",generated by this project (no third-party audio),964a7d6a0949a9ab9e72a10ef932be25724eb615d5c012ece007c25e18cd96f0,804efe2daae7a0b5263976fea45377c02be694b574b228712234d219e55aecb2
helicopter_013.flac,helicopter,non-stationary,13,104013,12.0,192000,-21.14,-0.09,"n = defence_noise('helicopter', 12, 16000, 104013); n = 0.99*n/max(abs(n))",generated by this project (no third-party audio),b83f6bb535199eee834cdcafd6c5f34a4c6852a29c1c24c9734c7421832c00f8,dca0e463f8f2d43dcad0644748967ad7feb9fc12cb4e4f332690506f18348051
helicopter_014.flac,helicopter,non-stationary,14,104014,12.0,192000,-18.28,-0.09,"n = defence_noise('helicopter', 12, 16000, 104014); n = 0.99*n/max(abs(n))",generated by this project (no third-party audio),c4e4340a40f367fdf8a4969612ce7de4bf0abfada86ad864bc634c846e787fa7,c07a80234ddaa8a92293738d25b24cda059e98ccec6340ab348ae1f950241cf3
helicopter_015.flac,helicopter,non-stationary,15,104015,12.0,192000,-18.87,-0.09,"n = defence_noise('helicopter', 12, 16000, 104015); n = 0.99*n/max(abs(n))",generated by this project (no third-party audio),1742b331b7090da3070646d0f5907e93374b66e3cc5217e71c8788bdd9c41275,6fab90bb3399cd70b0b8937bbb410dba9b1d0ab8ef705bfb5a430e53c5e62510
helicopter_016.flac,helicopter,non-stationary,16,104016,12.0,192000,-20.52,-0.09,"n = defence_noise('helicopter', 12, 16000, 104016); n = 0.99*n/max(abs(n))",generated by this project (no third-party audio),fb1ae945509d888be59a570a9bd35ed50b1ae6295cab1a49fcc78e8c85c52a0c,280e0879b1531058222b527943af10529c3a0ec07202c64dab043b72b94a556c
helicopter_017.flac,helicopter,non-stationary,17,104017,12.0,192000,-20.72,-0.09,"n = defence_noise('helicopter', 12, 16000, 104017); n = 0.99*n/max(abs(n))",generated by this project (no third-party audio),0fb87320a0b7e58a22cc4fafe41c5a093889ea23a2ae0544b1e8befd0dca4a2a,4b090779bbb5e07a0ad95d2676339168ef14db6eaec024d59021f5834a3e63a3
helicopter_018.flac,helicopter,non-stationary,18,104018,12.0,192000,-18.25,-0.09,"n = defence_noise('helicopter', 12, 16000, 104018); n = 0.99*n/max(abs(n))",generated by this project (no third-party audio),a604bc301dc741cd161c30184edefaf9b84140a992c7fc6d90a120fc8813d11f,41f8893d5523b23a853f1d957e679204b2abeb610cf3131ce1c5bd819ada9686
helicopter_019.flac,helicopter,non-stationary,19,104019,12.0,192000,-17.99,-0.09,"n = defence_noise('helicopter', 12, 16000, 104019); n = 0.99*n/max(abs(n))",generated by this project (no third-party audio),c896917af13e41d7f02a64dd5cd52b3aa4c37e8efebf5165d3e0c48aea9b035a,3b43a12a1f7eb589edc966ed822f79197c8c1a3ab877d37d35b832702ce168fb
helicopter_020.flac,helicopter,non-stationary,20,104020,12.0,192000,-19.35,-0.09,"n = defence_noise('helicopter', 12, 16000, 104020); n = 0.99*n/max(abs(n))",generated by this project (no third-party audio),9d46a392320b4ca4fc2eed0cb5d9a404c434bf6bb2560f1d799346d2bce527be,a8076e70c04c88ad3a42d9546bf100a1e8c1d92d5f7c6c32aefa22f95c020388
helicopter_021.flac,helicopter,non-stationary,21,104021,12.0,192000,-18.87,-0.09,"n = defence_noise('helicopter', 12, 16000, 104021); n = 0.99*n/max(abs(n))",generated by this project (no third-party audio),96724d5c7e44967ed773c0133b764c1c3c2b39d341fefc99229ae196ec39ddd3,06e641dc129ac3198efe4c2e1bf86d09ea295ebdf941d4a6ff2082b30abc7146
helicopter_022.flac,helicopter,non-stationary,22,104022,12.0,192000,-19.51,-0.09,"n = defence_noise('helicopter', 12, 16000, 104022); n = 0.99*n/max(abs(n))",generated by this project (no third-party audio),70fb2c2f1c839005c087cce7ec3119196a33b83ddaa7aa832b6bc2aa9ded47a2,65b55300a39915dd51e35604534baaa4df745dfddc401d4b3fe02df885192997
helicopter_023.flac,helicopter,non-stationary,23,104023,12.0,192000,-20.12,-0.09,"n = defence_noise('helicopter', 12, 16000, 104023); n = 0.99*n/max(abs(n))",generated by this project (no third-party audio),57e518bf9313b31bcfd8d2383dae563cdfe8027e4383c6b7caa25a9d849b395b,b943dc1c838af4094233cc61d811dce417dd45b1f2239d1400d858ec6da8701a
helicopter_024.flac,helicopter,non-stationary,24,104024,12.0,192000,-19.2,-0.09,"n = defence_noise('helicopter', 12, 16000, 104024); n = 0.99*n/max(abs(n))",generated by this project (no third-party audio),7bd339fe1a40ef2b8ede0099de24361f5baf998ab6b2c94503aeb54c02467d16,38c430ed4f980b6b07de240fc3d49a890868f5e23f6c804f95b7d1d7f097517a
helicopter_025.flac,helicopter,non-stationary,25,104025,12.0,192000,-18.67,-0.09,"n = defence_noise('helicopter', 12, 16000, 104025); n = 0.99*n/max(abs(n))",generated by this project (no third-party audio),5c936ddbc7425e27fb363799c6a07366350617f2fd42212b659277164615baa1,2055fea869754d17156c54e8cd4c51946d149d6bfaf862111f52ba66db7fc581
helicopter_026.flac,helicopter,non-stationary,26,104026,12.0,192000,-19.21,-0.09,"n = defence_noise('helicopter', 12, 16000, 104026); n = 0.99*n/max(abs(n))",generated by this project (no third-party audio),ce0be1524a6aa5595407eed0ddda4bc9cba6e3b8c4c4594c8a3432e1a724773d,1b82ffbb36ec63680b6fa627ee56b352b69560ee71e2dc65fd8f42b57b451177
helicopter_027.flac,helicopter,non-stationary,27,104027,12.0,192000,-19.17,-0.09,"n = defence_noise('helicopter', 12, 16000, 104027); n = 0.99*n/max(abs(n))",generated by this project (no third-party audio),c1c74961800f290921a4046ca4ff3fdb60f8fd03f6eb5f5c831435b16521e1f7,8b44dd2f43f2d404251b237019119f9a08d7295df8847c205925f241d7185244
helicopter_028.flac,helicopter,non-stationary,28,104028,12.0,192000,-19.56,-0.09,"n = defence_noise('helicopter', 12, 16000, 104028); n = 0.99*n/max(abs(n))",generated by this project (no third-party audio),1c378832517b777b93720364251817e0ca05bf0410cf6a2778a2c745869b0985,b636ae1fff75c7a80d8fb9ea52ef86cf1e09809b90a69f1980dbcf3f489ddd57
helicopter_029.flac,helicopter,non-stationary,29,104029,12.0,192000,-20.3,-0.09,"n = defence_noise('helicopter', 12, 16000, 104029); n = 0.99*n/max(abs(n))",generated by this project (no third-party audio),b4475f0afb33f31dbb04839c12dceb5d42e19055a90823eb9016458b4e7c124d,cfb8e3d999a596fd18a07cb57a72a7eeeb0778f39ce0c3d7c7b390e527241596
helicopter_030.flac,helicopter,non-stationary,30,104030,12.0,192000,-20.32,-0.09,"n = defence_noise('helicopter', 12, 16000, 104030); n = 0.99*n/max(abs(n))",generated by this project (no third-party audio),6f78c4fa48b282207e7802793d398f266637b163b11a026bb0e1a7b96f33408c,01e7af15f6696a39458ca1b7da7dc68e90f3ada416f7b1555c90f7161f9e966a
helicopter_031.flac,helicopter,non-stationary,31,104031,12.0,192000,-19.81,-0.09,"n = defence_noise('helicopter', 12, 16000, 104031); n = 0.99*n/max(abs(n))",generated by this project (no third-party audio),0dadb242129f9e5742f5fe8cadb33a56b7f48378bb53c9019ddb88bf710f7034,5dde633ec95b8f098386ba5c59a701dbd44769ef02e7a06ceca40e855d08bdb4
helicopter_032.flac,helicopter,non-stationary,32,104032,12.0,192000,-18.7,-0.09,"n = defence_noise('helicopter', 12, 16000, 104032); n = 0.99*n/max(abs(n))",generated by this project (no third-party audio),87a67b07cc3fbff8611cb486cfa802707f57564d6db7826fc3f113c879065a8b,a69402d80cc202bfb330e9ec89ed636835f0841d1dad2cabc249392c99952a09
helicopter_033.flac,helicopter,non-stationary,33,104033,12.0,192000,-19.57,-0.09,"n = defence_noise('helicopter', 12, 16000, 104033); n = 0.99*n/max(abs(n))",generated by this project (no third-party audio),a60f6627f3f7a458a4b43e3ef4d98689ba04a57f7f0bd4653e5ad24483b05e60,fec287f9d87a2e04611dc07786947c7c4635c1be1051742a72712fb2a16e34a2
helicopter_034.flac,helicopter,non-stationary,34,104034,12.0,192000,-18.69,-0.09,"n = defence_noise('helicopter', 12, 16000, 104034); n = 0.99*n/max(abs(n))",generated by this project (no third-party audio),f167eb70199bc72cd92fae0ccd8ecb33857e213f0ebc7062ab63ba199cfef3bc,848bbd1ece34a40b28ec38947297908ddc5602d6f17a751868df94a12ee1bac2
helicopter_035.flac,helicopter,non-stationary,35,104035,12.0,192000,-19.55,-0.09,"n = defence_noise('helicopter', 12, 16000, 104035); n = 0.99*n/max(abs(n))",generated by this project (no third-party audio),de88e8ee0a1f64cf542f8166c629ff4b342cfdd669095bdcb36fff82d0404fe8,68adab015ca4594eaef18f80149d4b8d872c10abdd192cf9712e5cab95d86407
helicopter_036.flac,helicopter,non-stationary,36,104036,12.0,192000,-19.19,-0.09,"n = defence_noise('helicopter', 12, 16000, 104036); n = 0.99*n/max(abs(n))",generated by this project (no third-party audio),576e316d75e75cc716d01789e080752b6c147e9eaa0b6b07bdd561078d7aa221,52302aa014e890a5ec799d8c75d35f2a54787490d1be90b950fb3171fc16d62d
helicopter_037.flac,helicopter,non-stationary,37,104037,12.0,192000,-17.52,-0.09,"n = defence_noise('helicopter', 12, 16000, 104037); n = 0.99*n/max(abs(n))",generated by this project (no third-party audio),9d69882dfa80e46a356df1d431c40982b02d9a1ac972a4e6b9030dfdb0061163,92623a5e1f5f9a02d1c32459a01e730cbd39273ea17099ec1cb4a9996f612c9f
helicopter_038.flac,helicopter,non-stationary,38,104038,12.0,192000,-18.66,-0.09,"n = defence_noise('helicopter', 12, 16000, 104038); n = 0.99*n/max(abs(n))",generated by this project (no third-party audio),d2c7014da0b5b756e2f9c520e3b5066226c770795e202ea3d84a063208105138,5f99c0c890ad3170c5ff1c01f9b56244a42209d300e5416451f76bc04e91a30c
helicopter_039.flac,helicopter,non-stationary,39,104039,12.0,192000,-19.53,-0.09,"n = defence_noise('helicopter', 12, 16000, 104039); n = 0.99*n/max(abs(n))",generated by this project (no third-party audio),521d515c0b2d0f886e584f89d27ec471c949dcc94c2b16d7586bf4a484122698,11edd159d79167bec878331e1b142d6a2715a0088855c0c46b88cbd4f8ad0963
helicopter_040.flac,helicopter,non-stationary,40,104040,12.0,192000,-18.94,-0.09,"n = defence_noise('helicopter', 12, 16000, 104040); n = 0.99*n/max(abs(n))",generated by this project (no third-party audio),cc66ba597da5bb4c2208d396dd8244d2bdc1383917fd81eb1925f8df5f3d7952,da022911c55677a3391a78f70cb2310cb4c10ecc6a219cb659bb1e3d65c13bc7
helicopter_041.flac,helicopter,non-stationary,41,104041,12.0,192000,-19.43,-0.09,"n = defence_noise('helicopter', 12, 16000, 104041); n = 0.99*n/max(abs(n))",generated by this project (no third-party audio),70638c799f79928e9aebd35cd4139c830eacc97a24c7bb8a3a23154cd1376873,04cb650fe755ebc319c1ee65e712bfadc83549f78b73a1072c85c02fa559a364
helicopter_042.flac,helicopter,non-stationary,42,104042,12.0,192000,-19.63,-0.09,"n = defence_noise('helicopter', 12, 16000, 104042); n = 0.99*n/max(abs(n))",generated by this project (no third-party audio),467ec91b4f0b0758cae6016ca8b9713e14233f12c81cc3c58abbf003800b8acc,607a7aa1dcc139974445d2f8dc792222899990f70823dfb5c6a62bd30092c1ac
helicopter_043.flac,helicopter,non-stationary,43,104043,12.0,192000,-18.7,-0.09,"n = defence_noise('helicopter', 12, 16000, 104043); n = 0.99*n/max(abs(n))",generated by this project (no third-party audio),33060dc20653c6da83d732e42ccc59ec055b21c66a9c79b85bf165b2fbafdfb2,a0f8fef03eb53f76bad549662c693ff4da32c158565f86a67979b86132691b75
helicopter_044.flac,helicopter,non-stationary,44,104044,12.0,192000,-19.27,-0.09,"n = defence_noise('helicopter', 12, 16000, 104044); n = 0.99*n/max(abs(n))",generated by this project (no third-party audio),53c7d1fe40f314cf72758e5308b50bc29054b4ee0ea46d944008cf262b9d4c3a,6aa727334859e207bca161276966c02766a9c9b2a308366cac3b8f1d486f08ab
helicopter_045.flac,helicopter,non-stationary,45,104045,12.0,192000,-18.85,-0.09,"n = defence_noise('helicopter', 12, 16000, 104045); n = 0.99*n/max(abs(n))",generated by this project (no third-party audio),d5eeace4fd19c8383939f34be3db40482e1f77af46c95ac30d5002e43f7eaa74,8e811e47745a6c0079e8ceb03b2039d8966e8587d5699d2df8ffb19e27ee342c
helicopter_046.flac,helicopter,non-stationary,46,104046,12.0,192000,-20.13,-0.09,"n = defence_noise('helicopter', 12, 16000, 104046); n = 0.99*n/max(abs(n))",generated by this project (no third-party audio),6a39244662766be0b34f5ba10ba67329b47b77fb1cba80ce815a6e4fe54b623e,8eb8a1b1f8515614676e7c54006d45dba7a9f9aacf3bbdf701644ea8b8f8bf88
helicopter_047.flac,helicopter,non-stationary,47,104047,12.0,192000,-19.64,-0.09,"n = defence_noise('helicopter', 12, 16000, 104047); n = 0.99*n/max(abs(n))",generated by this project (no third-party audio),8e84393610bc690ed303719a01751f0a2d4a5c9b328a08aac778a694806fde51,72673a2944cc06220007d99322bafc4d73a506433da4cd12d73c2b6c92912661
helicopter_048.flac,helicopter,non-stationary,48,104048,12.0,192000,-18.86,-0.09,"n = defence_noise('helicopter', 12, 16000, 104048); n = 0.99*n/max(abs(n))",generated by this project (no third-party audio),78bca8cf193fe751c48ac80bbef40db9afcf56ba2402f08c9615e10f6c8be590,ca855a6ddf5cc28076ad32e0275f86a3a6c20b077ea277efcc6c8447bac3fd5f
helicopter_049.flac,helicopter,non-stationary,49,104049,12.0,192000,-18.78,-0.09,"n = defence_noise('helicopter', 12, 16000, 104049); n = 0.99*n/max(abs(n))",generated by this project (no third-party audio),9f9688a034b00399e635b6ace6db30c81d87466cc8324393b67427e197a8d3b0,7152725f12ec038371b79fa57f6647008b440e68c976e7fcf5550a7fdb7d5c3e
helicopter_050.flac,helicopter,non-stationary,50,104050,12.0,192000,-18.31,-0.09,"n = defence_noise('helicopter', 12, 16000, 104050); n = 0.99*n/max(abs(n))",generated by this project (no third-party audio),b51e96363cdfbfa7b19505241b528d59e85676e74a9cf2a4aeec89ff6380ddf3,25af25686b5092da0cb65ef4b82f4327a516acf642fe184f1d2186114ff3b977
helicopter_051.flac,helicopter,non-stationary,51,104051,12.0,192000,-18.85,-0.09,"n = defence_noise('helicopter', 12, 16000, 104051); n = 0.99*n/max(abs(n))",generated by this project (no third-party audio),a1aee6724075f7186e50410c169e064cfbcfcea70fa8fabbc76e5391e4316cd5,66dd5a60d201ac6703e8c0d768d2950acc7b43525407261ba439ca98addf8587
helicopter_052.flac,helicopter,non-stationary,52,104052,12.0,192000,-19.17,-0.09,"n = defence_noise('helicopter', 12, 16000, 104052); n = 0.99*n/max(abs(n))",generated by this project (no third-party audio),8fc38a918e55f7f7b021e60f97970f613e4ddd0c5478e2693620f01dd3acd2c4,a1c71928dc5ef04be77ec159e19105e80eb667c7230579c3c5907bb3f2901c3c
helicopter_053.flac,helicopter,non-stationary,53,104053,12.0,192000,-18.54,-0.09,"n = defence_noise('helicopter', 12, 16000, 104053); n = 0.99*n/max(abs(n))",generated by this project (no third-party audio),174affb98a42061936f25dbf4c6e242ba0e4d3044d5807892273d3e6b9810ae9,795b63f28212fc2104ae7aeb78230f515d80e5cbec7549b756646416add1b821
helicopter_054.flac,helicopter,non-stationary,54,104054,12.0,192000,-19.49,-0.09,"n = defence_noise('helicopter', 12, 16000, 104054); n = 0.99*n/max(abs(n))",generated by this project (no third-party audio),0d2ab0816407dd64638c61181f651e6561d0d67cb49e02f46c982a94761d1044,7a9811c2ee2ef988d68ceb46cf4882188bbdc5ade214edb3d25c3d50550ca4e1
helicopter_055.flac,helicopter,non-stationary,55,104055,12.0,192000,-19.38,-0.09,"n = defence_noise('helicopter', 12, 16000, 104055); n = 0.99*n/max(abs(n))",generated by this project (no third-party audio),e8cf4c6f55084ff1e943a2bc539c1e4a036276b83af3d1ae7510cf0d33ecaa5c,8b6458d5d3584dcab88806d369c3e5a5fc44f3fad1bf951457e260a0bec83f03
helicopter_056.flac,helicopter,non-stationary,56,104056,12.0,192000,-18.93,-0.09,"n = defence_noise('helicopter', 12, 16000, 104056); n = 0.99*n/max(abs(n))",generated by this project (no third-party audio),8bad170176d4db6da51d748fd101b5b0620672f9d510502283e0f0f95d7bb7ff,abbfeaae85fd7f7fb706acb40fccb1dc412320c1522360d983044d914c574729
helicopter_057.flac,helicopter,non-stationary,57,104057,12.0,192000,-19.6,-0.09,"n = defence_noise('helicopter', 12, 16000, 104057); n = 0.99*n/max(abs(n))",generated by this project (no third-party audio),873d4a13af4024959e383b2395610eabf0c1fbf3de7bf3f6424d23217bebf0a6,b91b4caa03805bbccb6c4e09ad96b614e471fe9e0a972b40d432aa156bc3e089
helicopter_058.flac,helicopter,non-stationary,58,104058,12.0,192000,-18.46,-0.09,"n = defence_noise('helicopter', 12, 16000, 104058); n = 0.99*n/max(abs(n))",generated by this project (no third-party audio),e3a0d5448e5ce41d6e2670e2a3e1af01f652abc4565fc55ede901be051757c20,ba6c3de30c43113115e0c128d78997e722a6c77fef7f6603b6f71650666e852b
helicopter_059.flac,helicopter,non-stationary,59,104059,12.0,192000,-18.32,-0.09,"n = defence_noise('helicopter', 12, 16000, 104059); n = 0.99*n/max(abs(n))",generated by this project (no third-party audio),08066e4c7893bf087944f25874203ad5ad73c72ba661c387677f4fa89cee254e,4d285430bcc64fa9a9b546117c2d8e4e003dae47d954b66a4b6641e44c69bb28
helicopter_060.flac,helicopter,non-stationary,60,104060,12.0,192000,-20.19,-0.09,"n = defence_noise('helicopter', 12, 16000, 104060); n = 0.99*n/max(abs(n))",generated by this project (no third-party audio),31f2e68bcbb2a331ef775c086c663fe729781e1a4c97d5ba2028b74f222429f8,c458c8420d5a90ead0de0479871b331a131af31b54900c7288eabfaefef3737c
hum_001.flac,hum,stationary,1,109001,12.0,192000,-7.19,-0.09,"n = defence_noise('hum', 12, 16000, 109001); n = 0.99*n/max(abs(n))",generated by this project (no third-party audio),92f21180985e637353f7fdda8912546afd95a901d0144743a488ec72eee532d5,6dbc878ebe759448dad18c43f34a4db769bd2e9c857267d7f9ee36b469901d60
hum_002.flac,hum,stationary,2,109002,12.0,192000,-7.68,-0.09,"n = defence_noise('hum', 12, 16000, 109002); n = 0.99*n/max(abs(n))",generated by this project (no third-party audio),ed8401c5a9b99f201e8b1bdda2649c76c00cc87fb1e82df480f230160408cac9,71302d542d4c51665335c9f555da0f7febee16c138b6c1958e8e6a5ee1a28a55
hum_003.flac,hum,stationary,3,109003,12.0,192000,-4.89,-0.09,"n = defence_noise('hum', 12, 16000, 109003); n = 0.99*n/max(abs(n))",generated by this project (no third-party audio),9ceb157eaf350f55fcacf559274271fe86390e6caad158aafca4ced2efc9c3b3,d2b672e4564f28d4b5522da0314783a8016d61aae75411c25e9a370f21391ed9
hum_004.flac,hum,stationary,4,109004,12.0,192000,-8.49,-0.09,"n = defence_noise('hum', 12, 16000, 109004); n = 0.99*n/max(abs(n))",generated by this project (no third-party audio),5e18d220b0c8d4bdda9348dcd7a82b34d77d31e48533367513818384242ee4ad,0e8744f2bec325455332343c75e1603a21994aab2df1fd175f667e39d6b03f8c
hum_005.flac,hum,stationary,5,109005,12.0,192000,-8.56,-0.09,"n = defence_noise('hum', 12, 16000, 109005); n = 0.99*n/max(abs(n))",generated by this project (no third-party audio),b3b4d508adae3a49d8959a1f967605d3f61a6fa593ca30a14d3718904e2fd8f9,007f1b7704b236b54d5d10e2817cdccb1a005a0a63623fd8ea565850e7803e8c
hum_006.flac,hum,stationary,6,109006,12.0,192000,-6.64,-0.09,"n = defence_noise('hum', 12, 16000, 109006); n = 0.99*n/max(abs(n))",generated by this project (no third-party audio),7fa60cc64543732666de7f98e6714803bf4cc05c9601c9aef86f06d60ac5f9f0,a9b2e61c60cafbea69d64fd616ce9a4dd5348584974f70fb962f60adaaa87f44
hum_007.flac,hum,stationary,7,109007,12.0,192000,-6.87,-0.09,"n = defence_noise('hum', 12, 16000, 109007); n = 0.99*n/max(abs(n))",generated by this project (no third-party audio),8013d91c0d117783a1e58822eb56d72701e3903f041eb1eea761b8727b42aa98,ade6b6b2a6e7dc325b663f414ad1c6bbbdc36b1b4af10757e46b303321e1a55c
hum_008.flac,hum,stationary,8,109008,12.0,192000,-5.14,-0.09,"n = defence_noise('hum', 12, 16000, 109008); n = 0.99*n/max(abs(n))",generated by this project (no third-party audio),ce41d228f5d7b1df2acfe437a1cdef44384507308c03761d812e0542781930f1,dbb2aba251e2d160de548d239104395c829acaf3f12f20c45233bb75e52e2ab6
hum_009.flac,hum,stationary,9,109009,12.0,192000,-9.43,-0.09,"n = defence_noise('hum', 12, 16000, 109009); n = 0.99*n/max(abs(n))",generated by this project (no third-party audio),5d4a26297ce37f374e1cde195c3055fb4b7228598b69b97066c5cb650b0bd4a3,6dacaa979b64025419441942e1f2693fa197f2e669f8dfe4e12ea9cc8ef20e52
hum_010.flac,hum,stationary,10,109010,12.0,192000,-5.77,-0.09,"n = defence_noise('hum', 12, 16000, 109010); n = 0.99*n/max(abs(n))",generated by this project (no third-party audio),2086b417a7fa1c3bdd6b67c97e5d35d9f12ac8711eb6387d0470191401d7121a,702a38b183b911b6c1b07aa9cbb584bef84380905115ec7ebd969cd924da921a
hum_011.flac,hum,stationary,11,109011,12.0,192000,-5.71,-0.09,"n = defence_noise('hum', 12, 16000, 109011); n = 0.99*n/max(abs(n))",generated by this project (no third-party audio),a1e0c0867e7f2f89fc8302b6b283a44042f03f9afe73ba0ed8cf82f689e4b300,b21b552adda7b06dd33b49a23699907b6fb7a4f27794b9b7818910f673a0339d
hum_012.flac,hum,stationary,12,109012,12.0,192000,-10.05,-0.09,"n = defence_noise('hum', 12, 16000, 109012); n = 0.99*n/max(abs(n))",generated by this project (no third-party audio),15c2aad8376b7409af80b1edbdac24fb078a217848f82742476e5a14045a0da8,01db81dd96acea055b9115ce89699d60e2e6576c5dcaa476c25330db4145b341
hum_013.flac,hum,stationary,13,109013,12.0,192000,-8.67,-0.09,"n = defence_noise('hum', 12, 16000, 109013); n = 0.99*n/max(abs(n))",generated by this project (no third-party audio),c4d77ee44322749296a8a77fa40a1218ef096c22ef0bb0830833b72dcb4db39a,6265ba2db046376a42b67156f2f6aca0ef2dc4caf05d92bc72e7c4f04ab1545e
hum_014.flac,hum,stationary,14,109014,12.0,192000,-7.11,-0.09,"n = defence_noise('hum', 12, 16000, 109014); n = 0.99*n/max(abs(n))",generated by this project (no third-party audio),274e624a1470edc7b81415ee47c68dec7b714f390c025f717352e80def7474fa,19333daa08c5df026b4189fd66bf57abd21adc983121b7f6dd916e4d631842b7
hum_015.flac,hum,stationary,15,109015,12.0,192000,-6.62,-0.09,"n = defence_noise('hum', 12, 16000, 109015); n = 0.99*n/max(abs(n))",generated by this project (no third-party audio),c0882a38a6c963d25409f6fc532c40eabe3916fc0560abf697a066e6a30d4aca,6d388da93cde2812c3337c603783283915b98978d2fcb3a82cd8f0c35bdfc5df
hum_016.flac,hum,stationary,16,109016,12.0,192000,-7.24,-0.09,"n = defence_noise('hum', 12, 16000, 109016); n = 0.99*n/max(abs(n))",generated by this project (no third-party audio),6626835800aef412bcc06feb9916ed0cf642f97e647af0e72853bae7e378181f,3860340bbea47c35797af54fb1f827dabe8b6f1091fdec14937e90699c017997
hum_017.flac,hum,stationary,17,109017,12.0,192000,-8.45,-0.09,"n = defence_noise('hum', 12, 16000, 109017); n = 0.99*n/max(abs(n))",generated by this project (no third-party audio),286ca7e5b25d4aef1668e03e86d908f0441df8c43651214c4cd86d8d0efae27e,2ef989a343799d7dff890220b5118caf6df56ce154682c14db62056d784d825a
hum_018.flac,hum,stationary,18,109018,12.0,192000,-6.48,-0.09,"n = defence_noise('hum', 12, 16000, 109018); n = 0.99*n/max(abs(n))",generated by this project (no third-party audio),921f81ebf97155a068bf267fd89aebb48b10ab9ec34dd1ddd8d8acdfa69a3ec4,82e60bbfed4fdb28138627202590952872fbf3b67d5ef51c1d2d5f2cbccb57af
hum_019.flac,hum,stationary,19,109019,12.0,192000,-8.21,-0.09,"n = defence_noise('hum', 12, 16000, 109019); n = 0.99*n/max(abs(n))",generated by this project (no third-party audio),29092aa16f3bd278caf9d1e44f48d3dc18eca2c68e81c672618d3c857dd2c0fb,19389a5fa3927b0154236d31e8b5461c75d2aa746a29e8c8c188b4043e6d6a97
hum_020.flac,hum,stationary,20,109020,12.0,192000,-8.21,-0.09,"n = defence_noise('hum', 12, 16000, 109020); n = 0.99*n/max(abs(n))",generated by this project (no third-party audio),d131730626ee28abbef2d2253e3f4738b815c4963b6cfeb3b0a1a2d2d2389140,1505769f60b13ab37e282a33f36d55d209a983677dadd7c996839a293bc8bed1
hum_021.flac,hum,stationary,21,109021,12.0,192000,-5.92,-0.09,"n = defence_noise('hum', 12, 16000, 109021); n = 0.99*n/max(abs(n))",generated by this project (no third-party audio),80abeff5c55c8c50e23da1aa2875520269aeba284eeb4567ab82b237c133e4b8,75db644ab884b58af2f39bb60ce47cefd0f69fd8d946643f1e797ebf81dffe63
hum_022.flac,hum,stationary,22,109022,12.0,192000,-8.2,-0.09,"n = defence_noise('hum', 12, 16000, 109022); n = 0.99*n/max(abs(n))",generated by this project (no third-party audio),3f568b24c8945c3335f26011470946e32effdea0957563e946091615ef07d990,6cb3b9f1fdac6434b977d4d2638e972c180624e57494e5ab1943f56962c99868
hum_023.flac,hum,stationary,23,109023,12.0,192000,-6.6,-0.09,"n = defence_noise('hum', 12, 16000, 109023); n = 0.99*n/max(abs(n))",generated by this project (no third-party audio),1514b770aa15c7bcc81c2fd7ebf8790723e5a4a6bff8126963960ff002c304d0,631aefc333e0ce81921180f61768e355a1b4a1a36bfd1f8c673da820b8b76061
hum_024.flac,hum,stationary,24,109024,12.0,192000,-7.87,-0.09,"n = defence_noise('hum', 12, 16000, 109024); n = 0.99*n/max(abs(n))",generated by this project (no third-party audio),2bfe4df9c20fde8ab000416465aae95ae7f892da3d24f9879ed0b12ec8b5c788,5df253dce8cd03ef1c54e3861031a481cca3aef30e8323399c10c166dbe11e6c
hum_025.flac,hum,stationary,25,109025,12.0,192000,-7.66,-0.09,"n = defence_noise('hum', 12, 16000, 109025); n = 0.99*n/max(abs(n))",generated by this project (no third-party audio),ce9496169d9b89a0025c6e2ac2f0d9e2f0e6d0fd6441bb26874228c80066d490,944ce721e4aea8bfa5e413d1457a69baf4458660c553215c44c776c325fb7745
hum_026.flac,hum,stationary,26,109026,12.0,192000,-8.11,-0.09,"n = defence_noise('hum', 12, 16000, 109026); n = 0.99*n/max(abs(n))",generated by this project (no third-party audio),ad04ff53a7fbcf61ea8d30cc21a81afd61e892fa421330fd92ac5ff904489b61,3f898d9ec7b21d832004bffed8fb85ca82ed133bfe153dec70036b3c6d20fd83
hum_027.flac,hum,stationary,27,109027,12.0,192000,-5.72,-0.09,"n = defence_noise('hum', 12, 16000, 109027); n = 0.99*n/max(abs(n))",generated by this project (no third-party audio),2274394f6670700550f60effa99eb159b63daa08e12a7dda5e93d8c157b86283,e5ed91eeac1cad251471efb23e4718fa64f1635edc6b3d3fc0dd5ebcd036ab61
hum_028.flac,hum,stationary,28,109028,12.0,192000,-7.9,-0.09,"n = defence_noise('hum', 12, 16000, 109028); n = 0.99*n/max(abs(n))",generated by this project (no third-party audio),f600e206d78b3cf3382e80037a3807cdaac507a6d03f4612c1315fe7dd27cd63,4f6b032c68848d0a9af212fe9e656a1196a7574b577955171ac8d2654c5e9b20
hum_029.flac,hum,stationary,29,109029,12.0,192000,-5.82,-0.09,"n = defence_noise('hum', 12, 16000, 109029); n = 0.99*n/max(abs(n))",generated by this project (no third-party audio),80ad6e52c2c0ff32d87f6d82d7f81179800d362b88d8281d4218d3a78133e63e,12c09272b1d62ab0af1bd2b5e56a385c3b345158472900fcf4d19dbb59e9192a
hum_030.flac,hum,stationary,30,109030,12.0,192000,-7.47,-0.09,"n = defence_noise('hum', 12, 16000, 109030); n = 0.99*n/max(abs(n))",generated by this project (no third-party audio),7860e49e9228a15f858d233acdc8c06f78dd329d08fa11c7c416f104023829d3,9295fe7013905ac3217ecc8fdd564b04b0f11ade9a2e630245c3f147a307b309
hum_031.flac,hum,stationary,31,109031,12.0,192000,-7.4,-0.09,"n = defence_noise('hum', 12, 16000, 109031); n = 0.99*n/max(abs(n))",generated by this project (no third-party audio),2866282af2f573d0fc15712979ead18fad7b8baa852ac524f891264e25157ea0,50a09f28f2db71b20a9fd59e7ff0c298b5fe85e3424bae401192e4a9aedbb206
hum_032.flac,hum,stationary,32,109032,12.0,192000,-9.81,-0.09,"n = defence_noise('hum', 12, 16000, 109032); n = 0.99*n/max(abs(n))",generated by this project (no third-party audio),66afe8be0cf9ee625e44c67f82c48802f0bea24941077de2cc4ddfc1e9ba89a1,1a22404869420260da85f61565294cb914925f9dc689a39a59f4773e9af09987
hum_033.flac,hum,stationary,33,109033,12.0,192000,-6.76,-0.09,"n = defence_noise('hum', 12, 16000, 109033); n = 0.99*n/max(abs(n))",generated by this project (no third-party audio),44c1987b24c4816084e43fe5bf6df5471989254f5072311c743004c2288ea983,052f4ea365e6e42bcd0380470a97109993d1e856c7245cfa58f0cf68a214a74f
hum_034.flac,hum,stationary,34,109034,12.0,192000,-9.05,-0.09,"n = defence_noise('hum', 12, 16000, 109034); n = 0.99*n/max(abs(n))",generated by this project (no third-party audio),871c6a0f3d65d56c3bcffed1dd43c0ec85282857f930f74937d5b313d5d4b74c,e00350309aee224c6efc972e749cc263ad00248cc97d14b0e6f9a9b2b050b487
hum_035.flac,hum,stationary,35,109035,12.0,192000,-8.09,-0.09,"n = defence_noise('hum', 12, 16000, 109035); n = 0.99*n/max(abs(n))",generated by this project (no third-party audio),ca9bdef154f3fe95528acfa8f1b0ea67655029299876165125bb8da820d88f86,754400729a9c99b587e248a2c3a7b40cb31bffe03b17d385a2f4a639548a35a5
hum_036.flac,hum,stationary,36,109036,12.0,192000,-7.25,-0.09,"n = defence_noise('hum', 12, 16000, 109036); n = 0.99*n/max(abs(n))",generated by this project (no third-party audio),c1a7b9c73a04284314b97674dc49d5936b3ff1bc50af89c0be65095d21c25480,f51ba5258a17fd2b4d83160af2e28dcc3420a88a7d0d227416745e23df9aa260
hum_037.flac,hum,stationary,37,109037,12.0,192000,-7.2,-0.09,"n = defence_noise('hum', 12, 16000, 109037); n = 0.99*n/max(abs(n))",generated by this project (no third-party audio),b7e1c352658f0af05b68df55c8e0ef6c5c684fd5856929cc14af979bbfc2d0eb,859a85ff93a8c61c38055a1aa4d5b9e0885bb9cb5caca1521be088a9013216bb
hum_038.flac,hum,stationary,38,109038,12.0,192000,-7.56,-0.09,"n = defence_noise('hum', 12, 16000, 109038); n = 0.99*n/max(abs(n))",generated by this project (no third-party audio),ab1ae8ee8084986604bf415a2f1145e7a1dbf59b0b27f775fc633a4b04562577,1b6eef51c07928bac3ed8b03067d8050e4d6aab47f311bf27fdcded44e35235f
hum_039.flac,hum,stationary,39,109039,12.0,192000,-9.0,-0.09,"n = defence_noise('hum', 12, 16000, 109039); n = 0.99*n/max(abs(n))",generated by this project (no third-party audio),1cd13a2ee9a5f296b1b7f5aad8f1ee868217653e18aed69761cee0bd3f5d378f,1569fcb2e80770c193dddb3dae44fe423ee065ab0e27b63603ca0a17a37b8a22
hum_040.flac,hum,stationary,40,109040,12.0,192000,-6.85,-0.09,"n = defence_noise('hum', 12, 16000, 109040); n = 0.99*n/max(abs(n))",generated by this project (no third-party audio),f638f99cfb6791a048b13b9aeb66cd668c2f6fef1179ae6b28b50c00f3ed5134,80bac6a261a38d29e3dfd4597e380a13e21547b291de8c42de7a4d7388f89bb9
hum_041.flac,hum,stationary,41,109041,12.0,192000,-7.53,-0.09,"n = defence_noise('hum', 12, 16000, 109041); n = 0.99*n/max(abs(n))",generated by this project (no third-party audio),2b39ce49dc11bfd467f73f9b6b12fc12dadce070b79b48de5cfb6c00e8bee98a,fef14aaf19325b1c2d8b2a4c1f39081249bd2927a5b5ac12877333438ef875ad
hum_042.flac,hum,stationary,42,109042,12.0,192000,-9.35,-0.09,"n = defence_noise('hum', 12, 16000, 109042); n = 0.99*n/max(abs(n))",generated by this project (no third-party audio),90c297339e119032cf1465f956f39d9b88ed58661e1158565fb60267299ed5e8,1c4226ee9cb69e17d67ec28cdb4d8a82ea7b4cd63978d559e0af511656d6a258
hum_043.flac,hum,stationary,43,109043,12.0,192000,-6.36,-0.09,"n = defence_noise('hum', 12, 16000, 109043); n = 0.99*n/max(abs(n))",generated by this project (no third-party audio),2f4a24c51dd5a1eb095d48243d26dda90892fcf6504adb73fabdda232e3a866c,36c34abe0102b2ab48236e9d19c870ce5fef4b81533de37eb7d8bdbbd34a1b24
hum_044.flac,hum,stationary,44,109044,12.0,192000,-7.81,-0.09,"n = defence_noise('hum', 12, 16000, 109044); n = 0.99*n/max(abs(n))",generated by this project (no third-party audio),1e4d6557f85a07cca23ffc1ac9238fd7cd33a9a114be81e3e641ac9a16708719,3ff65792f6d72b8d54c63dd607f8515db79b85c4b995572e6f7f869cf43b7dcc
hum_045.flac,hum,stationary,45,109045,12.0,192000,-8.97,-0.09,"n = defence_noise('hum', 12, 16000, 109045); n = 0.99*n/max(abs(n))",generated by this project (no third-party audio),2a443d3652ee2c6dea0edc086c376e5dba8b1b0ef5525583735ddb2b9f285b05,def17d9727f9276bd61c610de8353a72f532b8309f7d4fd660fbdc919c07b7eb
hum_046.flac,hum,stationary,46,109046,12.0,192000,-6.16,-0.09,"n = defence_noise('hum', 12, 16000, 109046); n = 0.99*n/max(abs(n))",generated by this project (no third-party audio),f19653bbf563c717376c6f58aace7e8f3621e91ed2688a886eb5f26608239672,2a18a3d5cd3ef8621b3add2fdcde59ee482816a15804cbd3f7ef960e29033fce
hum_047.flac,hum,stationary,47,109047,12.0,192000,-7.78,-0.09,"n = defence_noise('hum', 12, 16000, 109047); n = 0.99*n/max(abs(n))",generated by this project (no third-party audio),d8100c196a1dc647073cfe7e7911a02a27d7e1da5056f2faa8142b4c3f6f98f1,3f9aab8f3ee3d316a84b056a27997c43438b212475d695cc5445c780fb592fc2
hum_048.flac,hum,stationary,48,109048,12.0,192000,-5.42,-0.09,"n = defence_noise('hum', 12, 16000, 109048); n = 0.99*n/max(abs(n))",generated by this project (no third-party audio),f8d9648b1d91a9be4dbd5c750b2f927745b761bed534ea8c0b5c5e2967a9a7b0,2ce5ff1ac8895b3f6621399df3768952a559c2d7080bc884a14d86de77b618b3
hum_049.flac,hum,stationary,49,109049,12.0,192000,-6.2,-0.09,"n = defence_noise('hum', 12, 16000, 109049); n = 0.99*n/max(abs(n))",generated by this project (no third-party audio),15bf7043c9b025be763f67a325e2e49b95d80b1e607d7fe6e6a8bb8b8f197c0c,62cce97ef1420e351869974ad12791dfd007e38a947b1bd921211359b90d0fcb
hum_050.flac,hum,stationary,50,109050,12.0,192000,-6.97,-0.09,"n = defence_noise('hum', 12, 16000, 109050); n = 0.99*n/max(abs(n))",generated by this project (no third-party audio),fbaca09dce4ef912a4efe784f86314e2cbea096009e0542e9baf6416dd515461,f2a9aeeef5f578e58ca11448fdea77f7dcae1b7798d5a76e340e414293d1775d
hum_051.flac,hum,stationary,51,109051,12.0,192000,-6.19,-0.09,"n = defence_noise('hum', 12, 16000, 109051); n = 0.99*n/max(abs(n))",generated by this project (no third-party audio),992cfeff585a17eb719a724f2757ad0483a5f259d97e3599b86eed935ee3892c,b054b9f2491b2d2fcd754a061d920e691aa012fa2f082ab191eecbe51d09e1b1
hum_052.flac,hum,stationary,52,109052,12.0,192000,-7.97,-0.09,"n = defence_noise('hum', 12, 16000, 109052); n = 0.99*n/max(abs(n))",generated by this project (no third-party audio),7094d8e0f7f878dbfcf47fbeafe1de3089944aba717cf624b11d6813526780b2,0709a096d23eda744d695bf814332e23de35e202924af112b110d9555f50c09c
hum_053.flac,hum,stationary,53,109053,12.0,192000,-9.94,-0.09,"n = defence_noise('hum', 12, 16000, 109053); n = 0.99*n/max(abs(n))",generated by this project (no third-party audio),f0849aa84cab0e210232a6f44edce79a80d70af91b51421b4d4578ffefe65c4c,2606fb35910db88fcd161e7191f1333d561989770295ab56f9be345b70076384
hum_054.flac,hum,stationary,54,109054,12.0,192000,-5.18,-0.09,"n = defence_noise('hum', 12, 16000, 109054); n = 0.99*n/max(abs(n))",generated by this project (no third-party audio),c4e7ff4b6f7e42b26eb667bc8892dc898b182ff10dc17bb664b482f80712c0cb,d2af1b61100a02d65cc4b3e5fe9ac3a8e89d98f4774fbed22f667833de40e567
hum_055.flac,hum,stationary,55,109055,12.0,192000,-8.4,-0.09,"n = defence_noise('hum', 12, 16000, 109055); n = 0.99*n/max(abs(n))",generated by this project (no third-party audio),662f6c0d36c0decc7c2bd139666ac1fe389d684abfc95371d64eb8e7cecd9827,8eb3636a31f845ef5889802ada6a6ed7ecb121cdcd9bd79044948a532d56d36e
hum_056.flac,hum,stationary,56,109056,12.0,192000,-6.25,-0.09,"n = defence_noise('hum', 12, 16000, 109056); n = 0.99*n/max(abs(n))",generated by this project (no third-party audio),8e4288190a8101019e89090ede5d3b262dea85b2fe68d876d85bac6932ed0ce9,69845ca2a7bf6d201b24e9ec8cb551ead9496ff7b06e6fc34ac49c442602b9b8
hum_057.flac,hum,stationary,57,109057,12.0,192000,-7.09,-0.09,"n = defence_noise('hum', 12, 16000, 109057); n = 0.99*n/max(abs(n))",generated by this project (no third-party audio),3bdbaf4b3b0fa9a8f0b7dedf6d8b609e996d3e65b680127421b6f54be34786a0,de2b82a56a87bcd07b3646d08502525cd9c26dcf2265f580d2306b90f98577bd
hum_058.flac,hum,stationary,58,109058,12.0,192000,-8.34,-0.09,"n = defence_noise('hum', 12, 16000, 109058); n = 0.99*n/max(abs(n))",generated by this project (no third-party audio),d2a6e377f6e7c0e5f8ed48dbeb4583cf5718abc4877c62a6baf9c4409cfaf31b,ee9fca53bd0474f5164c3a276f7c3f30cdf8daecc718c8560b884124bd83b9f9
hum_059.flac,hum,stationary,59,109059,12.0,192000,-7.83,-0.09,"n = defence_noise('hum', 12, 16000, 109059); n = 0.99*n/max(abs(n))",generated by this project (no third-party audio),cff966021e51d1707934ef7f52bb0b5fc198c7a61901abcbc122462110b9a54d,38e9396b9bc840775a1e11e1b391ec381dab76ceca6da0a95ecf69ab3bdc8448
hum_060.flac,hum,stationary,60,109060,12.0,192000,-7.68,-0.09,"n = defence_noise('hum', 12, 16000, 109060); n = 0.99*n/max(abs(n))",generated by this project (no third-party audio),b734acf9e962b93be4b560492fb0f82bbf1a1444fbad18ef5a25ce537be1bcf9,152b00870e9f3e421746a6588b139d6b89555e31f82fd27200ea4c7cc7015a0c
machinegun_001.flac,machinegun,impulsive,1,102001,12.0,192000,-22.69,-0.09,"n = defence_noise('machinegun', 12, 16000, 102001); n = 0.99*n/max(abs(n))",generated by this project (no third-party audio),2da95b1e219833eb485043d12afdca53233e45712c6bffb12d2e80b3d546a935,66b42c1b79049a7d334461052a44e6dd476d6cbf3654124160b7162ed146835c
machinegun_002.flac,machinegun,impulsive,2,102002,12.0,192000,-20.82,-0.09,"n = defence_noise('machinegun', 12, 16000, 102002); n = 0.99*n/max(abs(n))",generated by this project (no third-party audio),c043259e9965f99209d31d23f766d1212e85edb333222f719a3140f7e1b5061a,a11b4afc03532416242f17581336a920a926a7c4f9c07aa6361057719e860712
machinegun_003.flac,machinegun,impulsive,3,102003,12.0,192000,-20.6,-0.09,"n = defence_noise('machinegun', 12, 16000, 102003); n = 0.99*n/max(abs(n))",generated by this project (no third-party audio),2caccd8cfaa4bbcc750023c1a9748c7f7b1498e1a978a2889c80710547a8b682,71b54d1c52aecf43ba276cbd123a2b3b4e716d0c1e8d9f5e0b42905b68359685
machinegun_004.flac,machinegun,impulsive,4,102004,12.0,192000,-19.88,-0.09,"n = defence_noise('machinegun', 12, 16000, 102004); n = 0.99*n/max(abs(n))",generated by this project (no third-party audio),99e087ac96632fed2ed18d008c659967ba68317ebc240fb071a4102ead31f587,b19add84a35dde9fd75cb9303afa67b592e56023878db8ac0407a1e3e2b57b19
machinegun_005.flac,machinegun,impulsive,5,102005,12.0,192000,-23.38,-0.09,"n = defence_noise('machinegun', 12, 16000, 102005); n = 0.99*n/max(abs(n))",generated by this project (no third-party audio),4b62ab9a0ebda13417fe090e67ec9674d97f0eab807d8f043ee4b471d97830f8,2e089fb54e42d2d6b0bd94f5e077283282765f44f4cd6f549de1983cdf9b8748
machinegun_006.flac,machinegun,impulsive,6,102006,12.0,192000,-23.01,-0.09,"n = defence_noise('machinegun', 12, 16000, 102006); n = 0.99*n/max(abs(n))",generated by this project (no third-party audio),7edd0e7446d20692b3dc29b45681280759e32500f416e5ae1c22823003bfaa98,b00fad65414fc15f4989310fdc25fdf3ea87836071a42f07b6dfe7490029c057
machinegun_007.flac,machinegun,impulsive,7,102007,12.0,192000,-19.7,-0.09,"n = defence_noise('machinegun', 12, 16000, 102007); n = 0.99*n/max(abs(n))",generated by this project (no third-party audio),1cddbc20368cb5fed220f39308a52cecdc48395c068a63f1061407372c1ab445,4b78ab8d877f35945c2d91808952704b0b59ec4002f7b3e6ad6face73fb867d7
machinegun_008.flac,machinegun,impulsive,8,102008,12.0,192000,-20.32,-0.09,"n = defence_noise('machinegun', 12, 16000, 102008); n = 0.99*n/max(abs(n))",generated by this project (no third-party audio),f3a2b987498afe44529a92d20467348e277321efbf40496e39ed8f1851445fec,7b07a5504df24c444fd90a4ecb226d67a0b6eaa934b3b0242222f07df39499b7
machinegun_009.flac,machinegun,impulsive,9,102009,12.0,192000,-20.18,-0.09,"n = defence_noise('machinegun', 12, 16000, 102009); n = 0.99*n/max(abs(n))",generated by this project (no third-party audio),f15713ed45cb9c050ecfb0ce4bcdd97f20666eeb6c66c16e55f69e6e452c161a,5016de62b24b14e9556e0c30eb840b5bc1d5ca8166fe167823a1df898ca0db12
machinegun_010.flac,machinegun,impulsive,10,102010,12.0,192000,-20.44,-0.09,"n = defence_noise('machinegun', 12, 16000, 102010); n = 0.99*n/max(abs(n))",generated by this project (no third-party audio),8c8a4da7f97604ea38f359300c21eebe924dd21af3855f9cf57914c47c05413b,dfb1420f94088758a20afd70dbf2277b08efa269235aaf55f56dd888c8368ea7
machinegun_011.flac,machinegun,impulsive,11,102011,12.0,192000,-21.17,-0.09,"n = defence_noise('machinegun', 12, 16000, 102011); n = 0.99*n/max(abs(n))",generated by this project (no third-party audio),a3c1f943d1a2e67112a16805f5ac9c7301d58c84990e8b2cef6dd01f91a35dbc,7789921293bd2ae9480da41c95767e6293e86898feb1fb64576e3513bfe65d1f
machinegun_012.flac,machinegun,impulsive,12,102012,12.0,192000,-20.21,-0.09,"n = defence_noise('machinegun', 12, 16000, 102012); n = 0.99*n/max(abs(n))",generated by this project (no third-party audio),231ae8a53ad943f51e11524d20eb1411130b8f49ada023dad07fd2d17e0c3a9c,f0715697903814a854c9a9a83ca2286d927af23c34a2f24efd2543e21efe5205
machinegun_013.flac,machinegun,impulsive,13,102013,12.0,192000,-21.0,-0.09,"n = defence_noise('machinegun', 12, 16000, 102013); n = 0.99*n/max(abs(n))",generated by this project (no third-party audio),52e4794b8b38a7ee0acc5b18bd203835140c628c40c18e4ac1193b701b821fc3,a6ba0fb20126319d8b10b0efcff912dfd57105c175d42dfab97d863c893b9bbc
machinegun_014.flac,machinegun,impulsive,14,102014,12.0,192000,-21.45,-0.09,"n = defence_noise('machinegun', 12, 16000, 102014); n = 0.99*n/max(abs(n))",generated by this project (no third-party audio),de7b4f65afbd190e44b9f895daedd074d150c37cef27b605d2d953026c482064,fb338b4e1d8711aa77393d427b6b4dcc33f7a18cdb8dbe356b2b87212c5c40b8
machinegun_015.flac,machinegun,impulsive,15,102015,12.0,192000,-22.75,-0.09,"n = defence_noise('machinegun', 12, 16000, 102015); n = 0.99*n/max(abs(n))",generated by this project (no third-party audio),c961d9f0ed9d863b4f511eac3a6d1f5ffd8447dc27280814b432413a02f135f6,60cc5a784961365c2aab78d01b865837f75781e217d9a63bd050aa7eba477262
machinegun_016.flac,machinegun,impulsive,16,102016,12.0,192000,-21.01,-0.09,"n = defence_noise('machinegun', 12, 16000, 102016); n = 0.99*n/max(abs(n))",generated by this project (no third-party audio),c4b70044cca344285b6bafc2d2cfcdbb6a3ea9d4e8da3a181987a8c4428845cb,6822cc6eb896ce2463faab533ba53be6e073ddd98ebbc3be97239914fb48dd5e
machinegun_017.flac,machinegun,impulsive,17,102017,12.0,192000,-21.54,-0.09,"n = defence_noise('machinegun', 12, 16000, 102017); n = 0.99*n/max(abs(n))",generated by this project (no third-party audio),89e433923643863ae77cd112172938aff5c0c2abaf01782db7e86bec3f8555e9,2db0b4f1e02dfa971688bd0604831d815ec079029a111de161bb92477eb15b75
machinegun_018.flac,machinegun,impulsive,18,102018,12.0,192000,-20.12,-0.09,"n = defence_noise('machinegun', 12, 16000, 102018); n = 0.99*n/max(abs(n))",generated by this project (no third-party audio),577a1873f2955929e91deb0cfb6256c0aaf30706f7732f479ebec5889c6a86da,dc0adf34a543dae7d7faba79795b363d0bd6b5c49adcf82f379ecb74b95ccca1
machinegun_019.flac,machinegun,impulsive,19,102019,12.0,192000,-21.95,-0.09,"n = defence_noise('machinegun', 12, 16000, 102019); n = 0.99*n/max(abs(n))",generated by this project (no third-party audio),ff6a60bd12fc9e55abd56648736ce2f040a389faed19f30f0589890ff6e8f854,fb6972dff753e55ecea543396b9efaf167ea0c656244303ccd7b7d92daa1d5f8
machinegun_020.flac,machinegun,impulsive,20,102020,12.0,192000,-20.14,-0.09,"n = defence_noise('machinegun', 12, 16000, 102020); n = 0.99*n/max(abs(n))",generated by this project (no third-party audio),62e6ebc1afea1f8c36686e93647cc377a6a06f9b9f029ef3022aabfcd81ef710,51741b1b6010c3b09853ec670c0c45e2906ad51eb2c0077424b39fcd269214ee
machinegun_021.flac,machinegun,impulsive,21,102021,12.0,192000,-20.69,-0.09,"n = defence_noise('machinegun', 12, 16000, 102021); n = 0.99*n/max(abs(n))",generated by this project (no third-party audio),337a3b539d232b5f858d0f2daf014aec9ea9840845206e8929ad32047a306664,2adaaf1dbbe4cc07d01e9d8320ff7a850924dc70aab2ad7c19fc55d41ad5a816
machinegun_022.flac,machinegun,impulsive,22,102022,12.0,192000,-21.8,-0.09,"n = defence_noise('machinegun', 12, 16000, 102022); n = 0.99*n/max(abs(n))",generated by this project (no third-party audio),aeff4fa4438978d119a029281b0d545cd2359432ebac6aa9c22732866efe1a1d,80f9e07d0f91a8a951616eec4bb8f6f8031e105830553fc13406e7d5c8333649
machinegun_023.flac,machinegun,impulsive,23,102023,12.0,192000,-20.82,-0.09,"n = defence_noise('machinegun', 12, 16000, 102023); n = 0.99*n/max(abs(n))",generated by this project (no third-party audio),df95724c17697d341c9560653c980f8a8c0181deb81cda8c845f2ffd81e06fbc,e862973eb9b3a0e9c4d6bdd76c13829f3f8f80c3ef810b5e757755c2e1d6900f
machinegun_024.flac,machinegun,impulsive,24,102024,12.0,192000,-21.52,-0.09,"n = defence_noise('machinegun', 12, 16000, 102024); n = 0.99*n/max(abs(n))",generated by this project (no third-party audio),f4ae5b617e69b8bff6819125f1f8774233350ae934ec957a6f85e164e8aba4c3,6dee81b483163de93259f83bdedf6635036b12ddb40ba2a04a31cc2ee0d0c8c3
machinegun_025.flac,machinegun,impulsive,25,102025,12.0,192000,-21.65,-0.09,"n = defence_noise('machinegun', 12, 16000, 102025); n = 0.99*n/max(abs(n))",generated by this project (no third-party audio),1b0df36b885fd98b19919b11814932e1d7c3bcac518fabb828e52739cc837050,07695b0de33f05214dc901c83b9347d13bda29bb95abdd34b86ccc4cfd261094
machinegun_026.flac,machinegun,impulsive,26,102026,12.0,192000,-21.99,-0.09,"n = defence_noise('machinegun', 12, 16000, 102026); n = 0.99*n/max(abs(n))",generated by this project (no third-party audio),58e47ac1e7e9198677dbad670a8ce581da0c683ef1c60d1d875d60e844162e9c,c6c1296e68499b33e88bf45b3269d9d18285b097764ed5d8ce942bbbf5eeddb9
machinegun_027.flac,machinegun,impulsive,27,102027,12.0,192000,-21.12,-0.09,"n = defence_noise('machinegun', 12, 16000, 102027); n = 0.99*n/max(abs(n))",generated by this project (no third-party audio),c17906975551fd0d1ac7226bcb0feb9c1b5e5959e901ae56c52ab8f399527232,6fd9f127106d37ee0c9e07ecd6cc89e5a33c00700a67be9bec1e2eacf59bb681
machinegun_028.flac,machinegun,impulsive,28,102028,12.0,192000,-22.04,-0.09,"n = defence_noise('machinegun', 12, 16000, 102028); n = 0.99*n/max(abs(n))",generated by this project (no third-party audio),a5e8cbe9594eb5f66dd7d30c0a05960c467434aa82a47f6f373ab5d56d90f049,8982695dc244c527b1f2496b30c4767a2ad31781b0f0525496435723de63382b
machinegun_029.flac,machinegun,impulsive,29,102029,12.0,192000,-21.61,-0.09,"n = defence_noise('machinegun', 12, 16000, 102029); n = 0.99*n/max(abs(n))",generated by this project (no third-party audio),1f25c5cf01772d040d8df76c1a2b872b8cc878f31417a128b21ed40931cff833,133e92eb529008ced109ec835ec443d112e1f265f64549c70ebb7358e6a1b3e3
machinegun_030.flac,machinegun,impulsive,30,102030,12.0,192000,-21.78,-0.09,"n = defence_noise('machinegun', 12, 16000, 102030); n = 0.99*n/max(abs(n))",generated by this project (no third-party audio),bbc311b9cfe7f827e2b572628650918952cc10acb9ec65e8cafd30f56d8f292a,226b01ce75bbd7854ee1e967dfb6170f42ff17dbaaf0b61e32b512b8daf01f89
machinegun_031.flac,machinegun,impulsive,31,102031,12.0,192000,-20.7,-0.09,"n = defence_noise('machinegun', 12, 16000, 102031); n = 0.99*n/max(abs(n))",generated by this project (no third-party audio),f70021c3a7cc53437b385c76b3e43691a49f944ee6afaed2638bcfedd9088ffb,276610fbc99a753f5bfa1177ae150a9fccf3bc304369c7c0d546418849cbbff0
machinegun_032.flac,machinegun,impulsive,32,102032,12.0,192000,-20.31,-0.09,"n = defence_noise('machinegun', 12, 16000, 102032); n = 0.99*n/max(abs(n))",generated by this project (no third-party audio),2ec76403cba1981d9d91eac391a09c9789f8d6112f9f680e6181bb13ab367327,d3c55453a7f804339be566b16366986c5508e6877cffd510bdb4ef98338a5fda
machinegun_033.flac,machinegun,impulsive,33,102033,12.0,192000,-20.94,-0.09,"n = defence_noise('machinegun', 12, 16000, 102033); n = 0.99*n/max(abs(n))",generated by this project (no third-party audio),dfc6abce3435b7587e0dad082521e9711c3f0c3807f8d5e9a8f74429ceef0fcf,88c2fba74ce2d05a134ad3c16083817c2f00f52efc375664927e63dd367df460
machinegun_034.flac,machinegun,impulsive,34,102034,12.0,192000,-20.19,-0.09,"n = defence_noise('machinegun', 12, 16000, 102034); n = 0.99*n/max(abs(n))",generated by this project (no third-party audio),fdf87f5b6a591ae7c952c7de552a01123ea493d65b318e6297f7aca45ff66629,3eeb83283029e6a337943fa041adde239c223b54409c5a71491d859ca6ab88e2
machinegun_035.flac,machinegun,impulsive,35,102035,12.0,192000,-21.56,-0.09,"n = defence_noise('machinegun', 12, 16000, 102035); n = 0.99*n/max(abs(n))",generated by this project (no third-party audio),0a7c1326815c158d896ed49674ff91614ac5fdbe54388c291020c9c24c110ead,9d6fdaba09208772a506555405972fa2cd78a84a997a9fafa9a68992b1f95d89
machinegun_036.flac,machinegun,impulsive,36,102036,12.0,192000,-21.13,-0.09,"n = defence_noise('machinegun', 12, 16000, 102036); n = 0.99*n/max(abs(n))",generated by this project (no third-party audio),e2282c83ad27d5d8b6b30c5411d8f409ea84ad6a9881d6d59e92d48acd3980fd,de71929b67772188330be21288cff433ac67f40f95f8467e38c7156cad6153d8
machinegun_037.flac,machinegun,impulsive,37,102037,12.0,192000,-20.55,-0.09,"n = defence_noise('machinegun', 12, 16000, 102037); n = 0.99*n/max(abs(n))",generated by this project (no third-party audio),b704c5aca12e14167f8183559b95cd68630008e89a51dfc0d518ecef0737f547,36d6f0eac4d2391149d74baccf411d7a514d5e86544d43f3ef09b8bb013a5902
machinegun_038.flac,machinegun,impulsive,38,102038,12.0,192000,-21.4,-0.09,"n = defence_noise('machinegun', 12, 16000, 102038); n = 0.99*n/max(abs(n))",generated by this project (no third-party audio),3e9c010614f2df492b151f23b265dd942b37345b30951404d2c81bba678d0d41,0231756d0335022075c83e0fe0b7e671132c43185fbb0b9e0d92ec2a47e4316c
machinegun_039.flac,machinegun,impulsive,39,102039,12.0,192000,-21.88,-0.09,"n = defence_noise('machinegun', 12, 16000, 102039); n = 0.99*n/max(abs(n))",generated by this project (no third-party audio),f8f1bcb528808307cdc5a49290342ea740e16f5b989dee50c9855418c0b4d151,f553b6018237588b5df7a114f99df366acba2e3dc88cce0bdfeca08b118ce8e0
machinegun_040.flac,machinegun,impulsive,40,102040,12.0,192000,-21.19,-0.09,"n = defence_noise('machinegun', 12, 16000, 102040); n = 0.99*n/max(abs(n))",generated by this project (no third-party audio),501a084a56698c2ad50ddb61f8ad21860c2aad78e24f00614be6cff61e1f4b17,b4bc905c9999edbe3100f8646e2c5a60257f7799f6d8d3849bafd81e2085857d
machinegun_041.flac,machinegun,impulsive,41,102041,12.0,192000,-21.8,-0.09,"n = defence_noise('machinegun', 12, 16000, 102041); n = 0.99*n/max(abs(n))",generated by this project (no third-party audio),adad3dea3a76b0268a022d63cbc862175144a5ccdfb8b2937e049e1b8ab25763,5e1ffe5642147e117674b5aa2bbb5722492968383875d6b4224ca76bb8d1d07b
machinegun_042.flac,machinegun,impulsive,42,102042,12.0,192000,-21.2,-0.09,"n = defence_noise('machinegun', 12, 16000, 102042); n = 0.99*n/max(abs(n))",generated by this project (no third-party audio),7f48b18d4d61a6c0b23e9930006fccb5117275fc7c68f7af205487845534af72,ad14ec4c62b0d61a47b26107fa02540fbbc66c85ccbe9ad351401545a723b3d5
machinegun_043.flac,machinegun,impulsive,43,102043,12.0,192000,-21.18,-0.09,"n = defence_noise('machinegun', 12, 16000, 102043); n = 0.99*n/max(abs(n))",generated by this project (no third-party audio),7c70c09213c48ce9f8f6b174882ede499d5c720d944513f66c64a0002903b89d,f5a48a56e8cd9a7b30466931c9d035c94d94adac6fa84e1233c8ad97e1a17fef
machinegun_044.flac,machinegun,impulsive,44,102044,12.0,192000,-22.19,-0.09,"n = defence_noise('machinegun', 12, 16000, 102044); n = 0.99*n/max(abs(n))",generated by this project (no third-party audio),2a0691574176f27fff7178613551e622515c0ba6b8f50b5b90af91e75e65c988,1a5439f040a0a96285d9c696098fce2bdf71f40318c9a3b75e8834ad68974672
machinegun_045.flac,machinegun,impulsive,45,102045,12.0,192000,-21.0,-0.09,"n = defence_noise('machinegun', 12, 16000, 102045); n = 0.99*n/max(abs(n))",generated by this project (no third-party audio),48488dbc2133ad523f57149e9693a493752be6f1eb91ec65e8f2d2bde66d5889,28719b263c6c5a580cbc388d63685feefe42b85c1bf1eab874f777f0551780ea
machinegun_046.flac,machinegun,impulsive,46,102046,12.0,192000,-20.82,-0.09,"n = defence_noise('machinegun', 12, 16000, 102046); n = 0.99*n/max(abs(n))",generated by this project (no third-party audio),8e2c1ce9c089d363e2e3bef5717494ad516cca43d6eebf948851e4104b3f39a6,7df30f46d9551b4737437da0dab704e3025a6315d597ee4afab872c2a1a9bbd4
machinegun_047.flac,machinegun,impulsive,47,102047,12.0,192000,-21.65,-0.09,"n = defence_noise('machinegun', 12, 16000, 102047); n = 0.99*n/max(abs(n))",generated by this project (no third-party audio),85f6989f59d62893082aa27eb892afb2239e3ab3eeb4acf69816ade0b6d2006e,e1488241ff15d71fb8c23d3adbad76b1e9db401ac8c0280154be410f43ee3268
machinegun_048.flac,machinegun,impulsive,48,102048,12.0,192000,-21.35,-0.09,"n = defence_noise('machinegun', 12, 16000, 102048); n = 0.99*n/max(abs(n))",generated by this project (no third-party audio),07f1808337f77ef71845f6659712eb4ca178e0d75d35f43bbb11fbab474552d0,76ddc3ee56276ce471cdfd23beab396ab7d8bd9f25b969acd6146c36fc446b9b
machinegun_049.flac,machinegun,impulsive,49,102049,12.0,192000,-22.0,-0.09,"n = defence_noise('machinegun', 12, 16000, 102049); n = 0.99*n/max(abs(n))",generated by this project (no third-party audio),69df5bf9e532f90c9729589924bcccb80bf06b172905d3c192a597f04aef86f2,9fc4fc8aa255af9416bd5ecb2f9a0b394dffe507393dd406bc3c7277b0f1c73f
machinegun_050.flac,machinegun,impulsive,50,102050,12.0,192000,-20.93,-0.09,"n = defence_noise('machinegun', 12, 16000, 102050); n = 0.99*n/max(abs(n))",generated by this project (no third-party audio),7f68ced470cb06a3f10d14010b7451df6a7c1259af8dabc5ece87f2dadf345e8,117e05b6f6aa0f5194cc6eb273abba68975648a9e53f5029ee65e3ced10fde6d
machinegun_051.flac,machinegun,impulsive,51,102051,12.0,192000,-20.46,-0.09,"n = defence_noise('machinegun', 12, 16000, 102051); n = 0.99*n/max(abs(n))",generated by this project (no third-party audio),ff78441c8b19ca92f6f3b4a981a3829a3c8f818bb3ee2e8b79c57d5a8906dd46,e00dfba7892d03bb89679c650c702d73e78f1cfb79dec7ca0dbdda9473322e8f
machinegun_052.flac,machinegun,impulsive,52,102052,12.0,192000,-20.84,-0.09,"n = defence_noise('machinegun', 12, 16000, 102052); n = 0.99*n/max(abs(n))",generated by this project (no third-party audio),d6425b6adafc1337476d53c25fe2ce908d5d897c3d51ccd9da26d28b9f471e50,3a843b870e7f0d4360f685d230e03203304e9daec62a41e429e3a6bddffe7f26
machinegun_053.flac,machinegun,impulsive,53,102053,12.0,192000,-22.05,-0.09,"n = defence_noise('machinegun', 12, 16000, 102053); n = 0.99*n/max(abs(n))",generated by this project (no third-party audio),caabfb6fed666a799ad89e160a945a61055771683332cdecbb23df7d3261ef86,a2c28ad42dfd6772aead73d43c1067d45a320818d0aed0fe5586bdde5d276e9c
machinegun_054.flac,machinegun,impulsive,54,102054,12.0,192000,-21.68,-0.09,"n = defence_noise('machinegun', 12, 16000, 102054); n = 0.99*n/max(abs(n))",generated by this project (no third-party audio),b0d9a341c4f056ad04e027bd7728d0f46451c690b31054a45b8433bb996b5291,a6a1179c4f5dc125a8a62d61f0d9c3a1090af6f421cb53511be4936cda2648cf
machinegun_055.flac,machinegun,impulsive,55,102055,12.0,192000,-20.65,-0.09,"n = defence_noise('machinegun', 12, 16000, 102055); n = 0.99*n/max(abs(n))",generated by this project (no third-party audio),12486f6df8c2f5e19735438e6e1043b134d69db720aaecc5468e7df5d2a57913,613de6d5f86077353e8a958805fb2e882f7639fda5ce8f4888c3235ed2628585
machinegun_056.flac,machinegun,impulsive,56,102056,12.0,192000,-24.64,-0.09,"n = defence_noise('machinegun', 12, 16000, 102056); n = 0.99*n/max(abs(n))",generated by this project (no third-party audio),46cd4888346adcc3a55717d2cfc28ac52fbc0327f9f60a224dbacd9b79a6909b,4c9e867ac91addfbc6d135cc13d0bb15811c02030d704f491067c89b9cb6c1dc
machinegun_057.flac,machinegun,impulsive,57,102057,12.0,192000,-21.81,-0.09,"n = defence_noise('machinegun', 12, 16000, 102057); n = 0.99*n/max(abs(n))",generated by this project (no third-party audio),3a2483159f0e78e7fee97ce72b22eaeae86fbfec1b279c92960850411007939e,59d6d5333571575dd2343f6ff8802df0557324e3b4039c952ff6b9266d3c4b4f
machinegun_058.flac,machinegun,impulsive,58,102058,12.0,192000,-22.21,-0.09,"n = defence_noise('machinegun', 12, 16000, 102058); n = 0.99*n/max(abs(n))",generated by this project (no third-party audio),ae6c5e2a15d0ce7bb1eec25e35426e754e6e8748e82187d529747f78174a48c6,7238846d0ed49042d994ee1d120002385ccaa267b1c82b67e3ddea732f2b7b68
machinegun_059.flac,machinegun,impulsive,59,102059,12.0,192000,-21.16,-0.09,"n = defence_noise('machinegun', 12, 16000, 102059); n = 0.99*n/max(abs(n))",generated by this project (no third-party audio),81ba9a362be0cdd2b6a55463bf4a735919876eea848a4ab90b0f255ffb27c969,f9e219b3a3a6aa617824a697d446de68193d1464b78dbab668ecbc4c3cb029a5
machinegun_060.flac,machinegun,impulsive,60,102060,12.0,192000,-21.09,-0.09,"n = defence_noise('machinegun', 12, 16000, 102060); n = 0.99*n/max(abs(n))",generated by this project (no third-party audio),3aefd0642b411b3d185ba6af0385aae7c2ddb25575c82d7b7d9554691ee9ae43,e0eb34645b64bbf0815b2dc6f7609729216d990ff0270a73652416ffa792330e
missile_001.flac,missile,non-stationary,1,105001,12.0,192000,-11.51,-0.09,"n = defence_noise('missile', 12, 16000, 105001); n = 0.99*n/max(abs(n))",generated by this project (no third-party audio),90b95068a2819f2df4fe6ac038b3e9ee6587f8fe49360aeaca3c617cc79b01b1,a714d4a6e7b32b9596d4ee140d0f9c0c7e5fca16e5bb4ebb4c6629c1c146e7c6
missile_002.flac,missile,non-stationary,2,105002,12.0,192000,-10.97,-0.09,"n = defence_noise('missile', 12, 16000, 105002); n = 0.99*n/max(abs(n))",generated by this project (no third-party audio),2deb34f8ab31ed52514a04c4c3f616c7eae46e7a1a2c1c28fab3d94fee40284c,3280290a1cc280bcc5ddf4035d6d1d272887986d9f7d5a3c5c688e69bf6a6df9
missile_003.flac,missile,non-stationary,3,105003,12.0,192000,-11.44,-0.09,"n = defence_noise('missile', 12, 16000, 105003); n = 0.99*n/max(abs(n))",generated by this project (no third-party audio),a6e4688afd8f38fc9ad76966b9719d997c9fe567a0901cfa9341cde944664468,21e42ed16ae528ac3af7f77c0d71a6d424a565a45eb54afb6621d8638cd41378
missile_004.flac,missile,non-stationary,4,105004,12.0,192000,-11.69,-0.09,"n = defence_noise('missile', 12, 16000, 105004); n = 0.99*n/max(abs(n))",generated by this project (no third-party audio),b96cc522664dc8c6c1095185693beea77380f96e4a014e849f5c14403ec69157,a1f0a471e158f535893578c8a59014abad7068ba8d2a25e814177724ea95a750
missile_005.flac,missile,non-stationary,5,105005,12.0,192000,-11.67,-0.09,"n = defence_noise('missile', 12, 16000, 105005); n = 0.99*n/max(abs(n))",generated by this project (no third-party audio),bfb752555acc686c55e55413a63b6745a77e83194e818aec7f62d5c1f19b9613,2f69982178bcbddc2dde784735728b9e0019de5edf224d5793350b6e8d44ea3b
missile_006.flac,missile,non-stationary,6,105006,12.0,192000,-11.68,-0.09,"n = defence_noise('missile', 12, 16000, 105006); n = 0.99*n/max(abs(n))",generated by this project (no third-party audio),1a6a292d0da09c8c898a12fd5eee441a71e596dd0921e3003ca170693d96f321,4847b2294a4fc2a68d7b40b5869f498c2587cbbe0c9098b5a78e1718b26c9058
missile_007.flac,missile,non-stationary,7,105007,12.0,192000,-11.06,-0.09,"n = defence_noise('missile', 12, 16000, 105007); n = 0.99*n/max(abs(n))",generated by this project (no third-party audio),417b42663b7a876898d03e0e27047691b884243573f75043c45bfa262d059c3e,9f6099773d74d4423d5c19e9ca92ec6728c59ee742a22f1766c009f98e25ca5a
missile_008.flac,missile,non-stationary,8,105008,12.0,192000,-11.29,-0.09,"n = defence_noise('missile', 12, 16000, 105008); n = 0.99*n/max(abs(n))",generated by this project (no third-party audio),491e371ae947e25c88c41edd439d1c1c4ca6031df8772584633af44387160547,5bdaa8eb64852aedfdb4c2f7869ab0eaf73dc8125b8f1daabcc384ab4dc92f26
missile_009.flac,missile,non-stationary,9,105009,12.0,192000,-11.56,-0.09,"n = defence_noise('missile', 12, 16000, 105009); n = 0.99*n/max(abs(n))",generated by this project (no third-party audio),7b33e9f443e43e00734adcb3613f615b94da53cde6b42327c79cd4fbd36fe4c2,eca4ac741232a02d836323cc4f0a13cac8d0015500394b45246ee00b68cbac91
missile_010.flac,missile,non-stationary,10,105010,12.0,192000,-10.83,-0.09,"n = defence_noise('missile', 12, 16000, 105010); n = 0.99*n/max(abs(n))",generated by this project (no third-party audio),19dc820870f1409bf98a764b2456095c4a19ea8735d03bf72dbe3721fd1783cb,112f33ead3df5beac7cf7663778fea37bdb033f3a1e831b14e2b82cd6f5a14a5
missile_011.flac,missile,non-stationary,11,105011,12.0,192000,-11.56,-0.09,"n = defence_noise('missile', 12, 16000, 105011); n = 0.99*n/max(abs(n))",generated by this project (no third-party audio),88c5b85df3ac46aefffdf8f73faff8c6e3edb69188bd2f77edc75b0af3dbf81c,249f4e812feccc8c453b9a68e8d6b17540a9db2f06766ee8828d3246b42bff5a
missile_012.flac,missile,non-stationary,12,105012,12.0,192000,-11.96,-0.09,"n = defence_noise('missile', 12, 16000, 105012); n = 0.99*n/max(abs(n))",generated by this project (no third-party audio),5a7f2a4bc7579896cd8ca4caf38f5fa2deb735ae978a179e3d2cde142e193a85,734b6952ba7a0572b84a3212f3ae84a543a5c33799b1ad1a26d0155dc43b1b44
missile_013.flac,missile,non-stationary,13,105013,12.0,192000,-12.0,-0.09,"n = defence_noise('missile', 12, 16000, 105013); n = 0.99*n/max(abs(n))",generated by this project (no third-party audio),74171bc663eb23ae5a1e3e14ccf0796a8bb6f585494672b40060480661688b44,058cf98582f045c1782260a0f17aeb3669da488dfb34c3f97519717ffcfc733a
missile_014.flac,missile,non-stationary,14,105014,12.0,192000,-11.52,-0.09,"n = defence_noise('missile', 12, 16000, 105014); n = 0.99*n/max(abs(n))",generated by this project (no third-party audio),bc71b60eb3e73485336ad7dcf774ad774821eca88b22e1247958eac7e87a8a83,c082bed01746ba584b0db3227ba3582e9cf8675381b4b7e5c8dbea3b7be19b4d
missile_015.flac,missile,non-stationary,15,105015,12.0,192000,-11.63,-0.09,"n = defence_noise('missile', 12, 16000, 105015); n = 0.99*n/max(abs(n))",generated by this project (no third-party audio),f99f982fde48c86dd0324a833cc2572b18eacb55eae046f51250d926ff04c4d7,d9a9093800dc93a8617c89b376985fa0a919bb3074a2c58e35c135914b70311f
missile_016.flac,missile,non-stationary,16,105016,12.0,192000,-11.4,-0.09,"n = defence_noise('missile', 12, 16000, 105016); n = 0.99*n/max(abs(n))",generated by this project (no third-party audio),a1ad77b3e1ba90bbde0e7b5483d4f83363f5854e33e1aa399ed65b9b59118259,d8af1d12c618fad6415ca77912a7256875e47909abcc1ffb2e5108f186edf425
missile_017.flac,missile,non-stationary,17,105017,12.0,192000,-12.63,-0.09,"n = defence_noise('missile', 12, 16000, 105017); n = 0.99*n/max(abs(n))",generated by this project (no third-party audio),c8279bbe255a54676f81411eee2f9f7a5fa4702c107dbeeffecdac190209deed,d581b5f21add169620f657312427f7d6616b64341aa8ba7c74b185e0e0af292f
missile_018.flac,missile,non-stationary,18,105018,12.0,192000,-11.82,-0.09,"n = defence_noise('missile', 12, 16000, 105018); n = 0.99*n/max(abs(n))",generated by this project (no third-party audio),db760b67176dde9da9a5bd71e9fe594f0788e33c5472778b2642191a52f2aff1,abe9619c95eeaf845cec1472218a9706e1e0f2f23055367c822f40bf66c8e13a
missile_019.flac,missile,non-stationary,19,105019,12.0,192000,-11.13,-0.09,"n = defence_noise('missile', 12, 16000, 105019); n = 0.99*n/max(abs(n))",generated by this project (no third-party audio),f8e00bcafbc6f36249e32e8f9066441f286e3038bf7f59cb499befa4c3428a2f,a198b545938fd11b2bb28049daeb74011f4467c01a10b3064892478e5ed12d7f
missile_020.flac,missile,non-stationary,20,105020,12.0,192000,-11.19,-0.09,"n = defence_noise('missile', 12, 16000, 105020); n = 0.99*n/max(abs(n))",generated by this project (no third-party audio),1cd0a470c7461dd561690358eb30ecc32bde804376f03d28f21d898d86e62fb1,24219af9daa83f019aa7d3b5f1d75e74c72242f215f2c40e9e66a6cdd42e9d37
missile_021.flac,missile,non-stationary,21,105021,12.0,192000,-11.69,-0.09,"n = defence_noise('missile', 12, 16000, 105021); n = 0.99*n/max(abs(n))",generated by this project (no third-party audio),8555c0c3a91ff651561fd364e548cb964bc9c2533e51060457eeb445e1aae86c,43bf33c6286d92a65c5c8f12c09b1c13cd76bc03c3ecf0f1eb6d4902c1ef6581
missile_022.flac,missile,non-stationary,22,105022,12.0,192000,-11.1,-0.09,"n = defence_noise('missile', 12, 16000, 105022); n = 0.99*n/max(abs(n))",generated by this project (no third-party audio),0eedab261be20729f553c1602607d2d2aa45293a03d145735cbff458348886d3,d01c42a6d4ab80e3b1ae0f2a6fabac2ef29c37aa73c4865e5ac276a4685ba73d
missile_023.flac,missile,non-stationary,23,105023,12.0,192000,-11.43,-0.09,"n = defence_noise('missile', 12, 16000, 105023); n = 0.99*n/max(abs(n))",generated by this project (no third-party audio),61ef919d79b5edf4955f97e39695cecc2e7025eb8dc6d3c4e46c64899fcd6e83,1e1643e699e1451aceed86fb6cfbde041ca0f5accef3b493dc2d19272f11cca1
missile_024.flac,missile,non-stationary,24,105024,12.0,192000,-11.95,-0.09,"n = defence_noise('missile', 12, 16000, 105024); n = 0.99*n/max(abs(n))",generated by this project (no third-party audio),76b26d6e02f6eae031378d870f57435ae871a4ffbbdc6595ce28bafcb0d77122,eb75eef1e819f7720064409a34522d1eec3b726c492a444ed85021dcaa28c1d4
missile_025.flac,missile,non-stationary,25,105025,12.0,192000,-11.57,-0.09,"n = defence_noise('missile', 12, 16000, 105025); n = 0.99*n/max(abs(n))",generated by this project (no third-party audio),654d70b45a67bccbbc5ee85b180178eb21e54d69731c47d65e02042ce2f88598,f4de0fff9578cce93abac1d1ed6af3d9b7e6447cfae5b73457995452334bf3bf
missile_026.flac,missile,non-stationary,26,105026,12.0,192000,-12.13,-0.09,"n = defence_noise('missile', 12, 16000, 105026); n = 0.99*n/max(abs(n))",generated by this project (no third-party audio),3546c265b20b7100dc8e0b56d7341331fbc9d648fd1d8628c75e0e1b1d5b1c16,0396e7bd606045019769885de248043db2c1c3e70af038c734cd3b38ab670b66
missile_027.flac,missile,non-stationary,27,105027,12.0,192000,-11.33,-0.09,"n = defence_noise('missile', 12, 16000, 105027); n = 0.99*n/max(abs(n))",generated by this project (no third-party audio),dc756b526eab13a7ccbaee67e478e134632ac53f221aa9873f7526c833fcca28,e7c7595dc875a183f90ee9d70bf1f389f3afeafbe75e8ef88b733aa63fe9b5f7
missile_028.flac,missile,non-stationary,28,105028,12.0,192000,-11.63,-0.09,"n = defence_noise('missile', 12, 16000, 105028); n = 0.99*n/max(abs(n))",generated by this project (no third-party audio),473ea92c8d29ab4ebbddca4ce0acb1dbcd16fab9fa0ef16286c609d54a9f9546,916ff1b026e89232a647ebff23ae0d23f22f0455b8412429e3d803e5fefe3d8b
missile_029.flac,missile,non-stationary,29,105029,12.0,192000,-11.06,-0.09,"n = defence_noise('missile', 12, 16000, 105029); n = 0.99*n/max(abs(n))",generated by this project (no third-party audio),07cfbdf060ba307618819719977c7c2508355da6a83b2346e68c6678489783f9,3a0413e72fe6213270ca7d91dce3f2e714d0dc3ee2394c3eb81ff26d4eb6c2b7
missile_030.flac,missile,non-stationary,30,105030,12.0,192000,-11.66,-0.09,"n = defence_noise('missile', 12, 16000, 105030); n = 0.99*n/max(abs(n))",generated by this project (no third-party audio),59f1b6037fe39dff853f915c315769765936dad9c0f1140ffbc177ea069d626f,3a93be947951ac75595532f1f777a01a36f141bdb9d8a8d2d3536c8bcff6c50b
missile_031.flac,missile,non-stationary,31,105031,12.0,192000,-11.47,-0.09,"n = defence_noise('missile', 12, 16000, 105031); n = 0.99*n/max(abs(n))",generated by this project (no third-party audio),aa4d9382b27b1307f3c5b9427a29a3e6671df22cb402b1951553522aade381af,d635927dcbac6eb9f17d892b6eb4d6e103265a656042d84a0c8b6fcec66c6075
missile_032.flac,missile,non-stationary,32,105032,12.0,192000,-12.3,-0.09,"n = defence_noise('missile', 12, 16000, 105032); n = 0.99*n/max(abs(n))",generated by this project (no third-party audio),04df2157e3f5fa323aa571d07122cd465ff6182b89fa4cbeb52d5a7ad2ab1ea5,0e94c0dea3ffdb65876e78df6544ac74c08bf7af3b90bf7f08317e7b05229a01
missile_033.flac,missile,non-stationary,33,105033,12.0,192000,-11.11,-0.09,"n = defence_noise('missile', 12, 16000, 105033); n = 0.99*n/max(abs(n))",generated by this project (no third-party audio),96db68405f7672c91fbc17a88abf94155c4648a8bba7eb2e88792b570a678564,1a5197204ad0949f3f96dacd4c9a5417ce7ec5f6a4d8aa67bcf293fdfb705b90
missile_034.flac,missile,non-stationary,34,105034,12.0,192000,-10.77,-0.09,"n = defence_noise('missile', 12, 16000, 105034); n = 0.99*n/max(abs(n))",generated by this project (no third-party audio),f42725cd6def05682a7c872c9ca18de9176e6249eae92c2ee008b00800235260,bbcba52bca2d5ba0fa226b899fdc9ce561b1590c3da7370998d4a36e2ccbb8e1
missile_035.flac,missile,non-stationary,35,105035,12.0,192000,-11.44,-0.09,"n = defence_noise('missile', 12, 16000, 105035); n = 0.99*n/max(abs(n))",generated by this project (no third-party audio),448bb521266f2c883d766f9ec4e0278074999351ab29bf5f72e8adddcb1091b2,420b7a63ff7ed67e42412e7d1eaa8b49cf6095ca641391028c3239b2e1299f50
missile_036.flac,missile,non-stationary,36,105036,12.0,192000,-10.92,-0.09,"n = defence_noise('missile', 12, 16000, 105036); n = 0.99*n/max(abs(n))",generated by this project (no third-party audio),b1e07e012a35c307cd75eb3afa32e41626145fd32cb9d5e33bfb9ea81ca5b458,c57a39ed3ec00b2b4d08f2e3896f1dd5dba9994fca43f86dacd21a343f7516b5
missile_037.flac,missile,non-stationary,37,105037,12.0,192000,-12.28,-0.09,"n = defence_noise('missile', 12, 16000, 105037); n = 0.99*n/max(abs(n))",generated by this project (no third-party audio),f83f052a436645edc0c28c3b5ae36b390824d172797d155bf5cb7920750a0b6d,700aa505b66a89df537dd304d569505c3f16ade2a3e1dec30cfbde2f8a3beae7
missile_038.flac,missile,non-stationary,38,105038,12.0,192000,-11.24,-0.09,"n = defence_noise('missile', 12, 16000, 105038); n = 0.99*n/max(abs(n))",generated by this project (no third-party audio),2207dcae8a59c875e45ae2dea958d3c7f686fd87a3c46bd020327dc9b01e2dc4,5741ea7f4cd43fa9c14755fb3cefc8a92625a73edd3d591c3fd849e8cb751364
missile_039.flac,missile,non-stationary,39,105039,12.0,192000,-11.75,-0.09,"n = defence_noise('missile', 12, 16000, 105039); n = 0.99*n/max(abs(n))",generated by this project (no third-party audio),cc6588a5c663575b4dc71db497a0d7e7fb6e1cca21879e00132df48f2ec4f210,9006000f0862db2a6da039d8e7806c6d1740cff70b7dc38c549277de0b571036
missile_040.flac,missile,non-stationary,40,105040,12.0,192000,-11.41,-0.09,"n = defence_noise('missile', 12, 16000, 105040); n = 0.99*n/max(abs(n))",generated by this project (no third-party audio),6eabe0c965939b531852f1b9d1156b25697d2dd8887a077ae388718c37bb786c,244cefca4a5e5fbb09dc4e0ba2a20cfa556babaa6d37a3f89ac4e95d4f7bb59c
missile_041.flac,missile,non-stationary,41,105041,12.0,192000,-10.81,-0.09,"n = defence_noise('missile', 12, 16000, 105041); n = 0.99*n/max(abs(n))",generated by this project (no third-party audio),998ba7559a7a4a2a5fc9b0be09cce1455a4d8e8401b566a5e8e83d8069fe4d56,f4aaaca3fd1423594c40162aae4ff5ffca1372083afce282e89c9da7c6b99ec8
missile_042.flac,missile,non-stationary,42,105042,12.0,192000,-11.75,-0.09,"n = defence_noise('missile', 12, 16000, 105042); n = 0.99*n/max(abs(n))",generated by this project (no third-party audio),abc6f61a61af38948a3fc8c3462b05e73c16b695f214ded1f4e291a09bfd2fb7,0d58d810384293114bb7e887240745637360126f7285fd5380a5593c2b808074
missile_043.flac,missile,non-stationary,43,105043,12.0,192000,-11.55,-0.09,"n = defence_noise('missile', 12, 16000, 105043); n = 0.99*n/max(abs(n))",generated by this project (no third-party audio),c553fe0cb260be2740f639b7af4fecccf5da0bff8c5473d81beeb88873fb6c90,c02e8eb561fba015b9e05614c9523026f599ec05815f7537e442fc6f9e628654
missile_044.flac,missile,non-stationary,44,105044,12.0,192000,-12.42,-0.09,"n = defence_noise('missile', 12, 16000, 105044); n = 0.99*n/max(abs(n))",generated by this project (no third-party audio),854ce1411ac77ab7f666449794d07259d008ff93e316ef7da24bc52fb661729c,6c4a739f7857933da008bec40c12b95b12fa44528b17573e8a24159eadcfa176
missile_045.flac,missile,non-stationary,45,105045,12.0,192000,-11.54,-0.09,"n = defence_noise('missile', 12, 16000, 105045); n = 0.99*n/max(abs(n))",generated by this project (no third-party audio),54579c6f5c3221b14b1d8ca374b0578359507b8fd3516b4cc44d72d6472de731,bfc5546392f540dcb9d6feb39691c0035c72683578387808fc302cd4b7529d78
missile_046.flac,missile,non-stationary,46,105046,12.0,192000,-11.21,-0.09,"n = defence_noise('missile', 12, 16000, 105046); n = 0.99*n/max(abs(n))",generated by this project (no third-party audio),308a6c7d15299b22f31ce70ed18ea6450fb27162b97bdd67011853843e201623,68de36f2ebea23869191cf6c956ef9db088468a03f44508ca5551adbc1cdc29e
missile_047.flac,missile,non-stationary,47,105047,12.0,192000,-11.85,-0.09,"n = defence_noise('missile', 12, 16000, 105047); n = 0.99*n/max(abs(n))",generated by this project (no third-party audio),9aa2a788858f5222899ba958523cee8d35846463e057872783041fd874f3cb66,45a86718d8a7f5e4e92be1115df34ea648ff0d2166ccdf1c6a376b3a010bde4f
missile_048.flac,missile,non-stationary,48,105048,12.0,192000,-11.45,-0.09,"n = defence_noise('missile', 12, 16000, 105048); n = 0.99*n/max(abs(n))",generated by this project (no third-party audio),f9c47c234397d441d7556f8b65aa37e82b3f46ca11f9920b238238f16c310869,21b239f35a16c674cfc202f11a781a360e02df51d8a14fc8a872a32a2264939a
missile_049.flac,missile,non-stationary,49,105049,12.0,192000,-10.99,-0.09,"n = defence_noise('missile', 12, 16000, 105049); n = 0.99*n/max(abs(n))",generated by this project (no third-party audio),fa743494544a449fd8a96f7287e0ac855cd2e2c8b65eccedab17283482996533,60ab7e63740818311c0b04cf631798afb95356a6239f0cf9457209d27ff3e29f
missile_050.flac,missile,non-stationary,50,105050,12.0,192000,-11.48,-0.09,"n = defence_noise('missile', 12, 16000, 105050); n = 0.99*n/max(abs(n))",generated by this project (no third-party audio),930ed170e4a2eb12621f6b3a32ce678d0158c1efcdb5a5b21f7f580dad9ce302,7d7ba7e17f78d1d0acf2092f279ff0e8cfb81e3ad48d529293569eaccaa7086a
missile_051.flac,missile,non-stationary,51,105051,12.0,192000,-11.64,-0.09,"n = defence_noise('missile', 12, 16000, 105051); n = 0.99*n/max(abs(n))",generated by this project (no third-party audio),357732f8ca7c16e592907853e06655fcc96430a3ff2aee339b1248f2f73182ce,edf92ed1a92548dfb1bdec52db02ef2a7573e937d53f79e57f97bfb1151338dc
missile_052.flac,missile,non-stationary,52,105052,12.0,192000,-11.47,-0.09,"n = defence_noise('missile', 12, 16000, 105052); n = 0.99*n/max(abs(n))",generated by this project (no third-party audio),4671b53f7d3e8d0e1c35bab744c8509bff154bfa6f520ceb70cfa3b8a52ec662,e0fdb3b33a4638778185110a3e08efe1935b9a135b0f12f95995f86e9bc87024
missile_053.flac,missile,non-stationary,53,105053,12.0,192000,-11.26,-0.09,"n = defence_noise('missile', 12, 16000, 105053); n = 0.99*n/max(abs(n))",generated by this project (no third-party audio),92a25957d20add6727090f13c007939143512d8c3144d8084a2af7724158a8a2,b6122f4fb8e4694bfea9a65b7e7864369035c1a08460d380cda574243b3fa446
missile_054.flac,missile,non-stationary,54,105054,12.0,192000,-11.42,-0.09,"n = defence_noise('missile', 12, 16000, 105054); n = 0.99*n/max(abs(n))",generated by this project (no third-party audio),baf31876b47bd54cc4bb75696a82259c3a9591217bbd76f79d76c02c5b8d99ba,446a74a82a647c1ce83892146952c232bf61fa4044291eae9a19c1b06735a1c9
missile_055.flac,missile,non-stationary,55,105055,12.0,192000,-11.45,-0.09,"n = defence_noise('missile', 12, 16000, 105055); n = 0.99*n/max(abs(n))",generated by this project (no third-party audio),e3f77e86f01422b07252f5af85742efe3da074cc9755f04df85f8d3ddf9bb024,053b1da9767c4f3538ef00ce80abbbc3a1e034d4651da7548d05cc5b60b2fd2d
missile_056.flac,missile,non-stationary,56,105056,12.0,192000,-11.6,-0.09,"n = defence_noise('missile', 12, 16000, 105056); n = 0.99*n/max(abs(n))",generated by this project (no third-party audio),8a10bdc05f24094bdf16f8d3f8a483b946887b1bf672012d0e15b57a0e114a49,9844a6ff1eca72e628d90dc330f845a34cccabf04c47f7b55097ca518e5a5170
missile_057.flac,missile,non-stationary,57,105057,12.0,192000,-11.57,-0.09,"n = defence_noise('missile', 12, 16000, 105057); n = 0.99*n/max(abs(n))",generated by this project (no third-party audio),bec1c4c5ec09eda053eeb52ef589ce68b36c21f46170b0710be2c4606bb6de3a,dc21d3a4df8feea1356430f9ff05a2862817bd022b6fc42114439ed29618e7c2
missile_058.flac,missile,non-stationary,58,105058,12.0,192000,-11.42,-0.09,"n = defence_noise('missile', 12, 16000, 105058); n = 0.99*n/max(abs(n))",generated by this project (no third-party audio),699719a71f085395d6377eb7670fdd131b9495a0ace852c4d1b4fc675cbec67c,4015de1d12a07a7813e4a7057190771a6988ba0f6649ace933c95ba5f376a194
missile_059.flac,missile,non-stationary,59,105059,12.0,192000,-11.44,-0.09,"n = defence_noise('missile', 12, 16000, 105059); n = 0.99*n/max(abs(n))",generated by this project (no third-party audio),03a514c1904bc629971caf167c2f00a163162f669811cf48553f3d58e1663792,403ba4a53877c205ed5aff5f9487e727b338cb4853d575affa9d2974b8756a87
missile_060.flac,missile,non-stationary,60,105060,12.0,192000,-11.12,-0.09,"n = defence_noise('missile', 12, 16000, 105060); n = 0.99*n/max(abs(n))",generated by this project (no third-party audio),b73224f3b207aa6bfec1f0f13dbba11b83e91b169387e9c1c3a184883283fdb4,3f9189c9ff4e30967c47904add04a7244b24091bad721402e70eb7da3f4146e3
siren_001.flac,siren,non-stationary,1,107001,12.0,192000,-3.37,-0.09,"n = defence_noise('siren', 12, 16000, 107001); n = 0.99*n/max(abs(n))",generated by this project (no third-party audio),6d9b426de8ab42df3a7c26c4105414b005f0b3dc7f8985b2b1d71c17ec72895c,d6f5be78cecff838c34a2de17082893d59ad7b23f7a47a2f3f624e6a0af98f83
siren_002.flac,siren,non-stationary,2,107002,12.0,192000,-3.46,-0.09,"n = defence_noise('siren', 12, 16000, 107002); n = 0.99*n/max(abs(n))",generated by this project (no third-party audio),ebe1ab80141fd67f599c5136e8daf19540b95da907e3d79278833374188aed65,1082d5e076ff65be9c67d47080126be7fba51c5400368e20ebfda445e0c77d58
siren_003.flac,siren,non-stationary,3,107003,12.0,192000,-3.48,-0.09,"n = defence_noise('siren', 12, 16000, 107003); n = 0.99*n/max(abs(n))",generated by this project (no third-party audio),e3d824180f1b86a9037df70dac9bc5e0018d80c1ffe38cf3baebfc89910a2cad,6fe2a7bf646777e8be0649bc44359b6f9f5681244c7d5044785a96b32757437c
siren_004.flac,siren,non-stationary,4,107004,12.0,192000,-3.51,-0.09,"n = defence_noise('siren', 12, 16000, 107004); n = 0.99*n/max(abs(n))",generated by this project (no third-party audio),c81a134f305b44b9b8a7b7f5869b78dacd2aada3b16d54a53aae069c28fa45f9,64ff52e2d3f928df359bc96e12bb3b6282b6568e7b68bf7fc0b142a1c118595a
siren_005.flac,siren,non-stationary,5,107005,12.0,192000,-3.51,-0.09,"n = defence_noise('siren', 12, 16000, 107005); n = 0.99*n/max(abs(n))",generated by this project (no third-party audio),4b568c8a1755f811f764c2f055a83df00234e78e1c0fca198e44c1383ed2bbb7,caf85c4ca6f9c2663e86db59050acfa578f4a2c83f074191f126faf79b5c529f
siren_006.flac,siren,non-stationary,6,107006,12.0,192000,-3.46,-0.09,"n = defence_noise('siren', 12, 16000, 107006); n = 0.99*n/max(abs(n))",generated by this project (no third-party audio),55e5ccfd5a8ff876976c66ec1175c4065ea4908cbfb63703ccc96bfac819a76a,69aeac2775bfebd8674dbd4f57ff4d3de8e3f838a7f575f5f350e2ddca4ff346
siren_007.flac,siren,non-stationary,7,107007,12.0,192000,-3.51,-0.09,"n = defence_noise('siren', 12, 16000, 107007); n = 0.99*n/max(abs(n))",generated by this project (no third-party audio),597cc33e69a50d04ddd0bb34e4f786e1026fd7c2ece0d3f4c7a02ea7ae8807d5,981f8530873fe33a096334b15f04817982e63b4cc7eb60210c05b88fcbf8a17d
siren_008.flac,siren,non-stationary,8,107008,12.0,192000,-3.75,-0.09,"n = defence_noise('siren', 12, 16000, 107008); n = 0.99*n/max(abs(n))",generated by this project (no third-party audio),ab54cf0d52ad515d380123413ec1c0d6635e754119aaf7ddd626f420ca2e264f,d0e9bcc643d3b6dbda2aa685cf318823609a414954edb3f1d84710c98912a4a3
siren_009.flac,siren,non-stationary,9,107009,12.0,192000,-3.52,-0.09,"n = defence_noise('siren', 12, 16000, 107009); n = 0.99*n/max(abs(n))",generated by this project (no third-party audio),8c4e44fc02a0ec9c53ca3ad16c7d7bfeabdaf671f3457904c5c215b299739ba7,5ee7fdcbc67b09e63e1b27628fb63cbdf011d28bf65c610178461bed048c017c
siren_010.flac,siren,non-stationary,10,107010,12.0,192000,-3.66,-0.09,"n = defence_noise('siren', 12, 16000, 107010); n = 0.99*n/max(abs(n))",generated by this project (no third-party audio),59791a473108a17191c14bb29f3fc239205aaa58357da0cde988ce324294aa54,868715ca8d4c84084088d04196d727f6c4082082fa71e39b7e37e0cee3b24e67
siren_011.flac,siren,non-stationary,11,107011,12.0,192000,-3.42,-0.09,"n = defence_noise('siren', 12, 16000, 107011); n = 0.99*n/max(abs(n))",generated by this project (no third-party audio),ad724855e00a7877190adcc1c42d2788d9bf342c61fe1e7711c08147a326a226,7d0c06f700962b4e226f5167ea6a3b9cc3c6d64d8356bc9dbff27a83d0a13e56
siren_012.flac,siren,non-stationary,12,107012,12.0,192000,-3.57,-0.09,"n = defence_noise('siren', 12, 16000, 107012); n = 0.99*n/max(abs(n))",generated by this project (no third-party audio),a96438a7aace3e1495bc60eeb0c563dba542de3e803ac33658e95c7c51dbb12f,79e8e373abf386cac8e8afe86ea0ad68a8e073cbe4a431edabe0de3aefa3d8d0
siren_013.flac,siren,non-stationary,13,107013,12.0,192000,-3.52,-0.09,"n = defence_noise('siren', 12, 16000, 107013); n = 0.99*n/max(abs(n))",generated by this project (no third-party audio),05736fa60a2ddc0d5ba10bc35ccbf357acaa84d8becbfadca65bc308fb663364,c7bfefbb9220a6309ecfbb52a8bac12d7524992a5690843fd2c04423ec65dc2a
siren_014.flac,siren,non-stationary,14,107014,12.0,192000,-3.39,-0.09,"n = defence_noise('siren', 12, 16000, 107014); n = 0.99*n/max(abs(n))",generated by this project (no third-party audio),0a3f2cc222390c9cef3a5df6b26cc755719304c25f56cc6a59992c3f08cfb53e,a829983f555b4a9c1fff74a4b0d96d46ac7832e3af23e0278f439928bdac36e9
siren_015.flac,siren,non-stationary,15,107015,12.0,192000,-3.64,-0.09,"n = defence_noise('siren', 12, 16000, 107015); n = 0.99*n/max(abs(n))",generated by this project (no third-party audio),f7729c7b28e3a8cb602e5585169417a5a1c18f0174e910141734e208a2d90f1c,7341bc6890285bcb33dfc582842813387b2b563354bce2afa95d7e6b4124add1
siren_016.flac,siren,non-stationary,16,107016,12.0,192000,-3.41,-0.09,"n = defence_noise('siren', 12, 16000, 107016); n = 0.99*n/max(abs(n))",generated by this project (no third-party audio),ec13764a414c0d8904dc4873d60531fc6fa06add46bc1aadfc53364ad91e3fe5,00a168d3ad0cae9e9dd8ee5113ca7204648d76f686fb4c1566214f72801c8af1
siren_017.flac,siren,non-stationary,17,107017,12.0,192000,-3.57,-0.09,"n = defence_noise('siren', 12, 16000, 107017); n = 0.99*n/max(abs(n))",generated by this project (no third-party audio),7e3c740e4adcd932fb1047610d0649b9b3f62177e1bd133dcccf6038edbba1e5,2fbabe2b0677a7fc174073da763cff42153676adb7750b835f51a9e6dae32fc4
siren_018.flac,siren,non-stationary,18,107018,12.0,192000,-3.48,-0.09,"n = defence_noise('siren', 12, 16000, 107018); n = 0.99*n/max(abs(n))",generated by this project (no third-party audio),6cf7f8c379adc9196861259a0f0b49d7b801822d560e1a027da6b1aa43b16625,3d024c4de7d0165dce1abde04fb8a45f9d7215636584ff78a6245c95feef223f
siren_019.flac,siren,non-stationary,19,107019,12.0,192000,-3.54,-0.09,"n = defence_noise('siren', 12, 16000, 107019); n = 0.99*n/max(abs(n))",generated by this project (no third-party audio),d82c548b927a68006f6a0fda159b7f66f96760711063795b8654f31ca784566a,63fe1d557f7a2f53ce1f0c4b6a4b7a1d7c4f1f3fd2a585a33995016690aef996
siren_020.flac,siren,non-stationary,20,107020,12.0,192000,-3.66,-0.09,"n = defence_noise('siren', 12, 16000, 107020); n = 0.99*n/max(abs(n))",generated by this project (no third-party audio),752c7318ecfac8b18ad73c0b584dc6d9de7e5baaecdd0d958389f5560da8c65b,1ddec8439f29b77e797a8273dd5c9c9dd84869913aad0aff94f922e016dbefbd
siren_021.flac,siren,non-stationary,21,107021,12.0,192000,-3.54,-0.09,"n = defence_noise('siren', 12, 16000, 107021); n = 0.99*n/max(abs(n))",generated by this project (no third-party audio),026c54ed67b46de8581c5a9b9ded048c7daec4ced47fd6c6ed9f048f0afb4294,06d1fb014125ffcdcdbda515d73ff688f44381f30a15886b12ae956a5590166f
siren_022.flac,siren,non-stationary,22,107022,12.0,192000,-3.5,-0.09,"n = defence_noise('siren', 12, 16000, 107022); n = 0.99*n/max(abs(n))",generated by this project (no third-party audio),359f5f5a8be18bd5440b56b1386bf3bc3da0c9c4c8f1ad48f822541c2524ae7a,21abba845283b2391d65568b44aece67fe210d89d23e92aea041c2b0a27db7a2
siren_023.flac,siren,non-stationary,23,107023,12.0,192000,-3.41,-0.09,"n = defence_noise('siren', 12, 16000, 107023); n = 0.99*n/max(abs(n))",generated by this project (no third-party audio),7451c88c44de8c1647f97a06580e547ab362a27bc91fe23a3b8a4f42e1b2b90e,74f79f437f57f5e0188dcdc496b46d4ad084875c135a50b5344ead4932d07e73
siren_024.flac,siren,non-stationary,24,107024,12.0,192000,-3.36,-0.09,"n = defence_noise('siren', 12, 16000, 107024); n = 0.99*n/max(abs(n))",generated by this project (no third-party audio),72c19544b257b4aa6ef22afcef0d54ebdd52369a29d2f1aa6e6c28333f64b51f,0f31d21695272a65eb6c9388b08e2dc85a19fcc8fff8a47e8fb146f1e8445a72
siren_025.flac,siren,non-stationary,25,107025,12.0,192000,-3.39,-0.09,"n = defence_noise('siren', 12, 16000, 107025); n = 0.99*n/max(abs(n))",generated by this project (no third-party audio),e2b14446bb487833bbc54632cbc8490269b6d91400869930f1bd94cfa6516fda,faab6ed1fe5f112cfb72ed57c8db2513c22450ab9e9b83abd1089ce7ab09bc8d
siren_026.flac,siren,non-stationary,26,107026,12.0,192000,-3.53,-0.09,"n = defence_noise('siren', 12, 16000, 107026); n = 0.99*n/max(abs(n))",generated by this project (no third-party audio),5a06a62a4d24f4505dedd90be6d85c55255feda4d42962379f87b4dbbe1e88b0,1ebbacbd1027bb1668c9fc3201c1b8608ce6d2d8b3fffaaf24af7a175519bbfe
siren_027.flac,siren,non-stationary,27,107027,12.0,192000,-3.34,-0.09,"n = defence_noise('siren', 12, 16000, 107027); n = 0.99*n/max(abs(n))",generated by this project (no third-party audio),081cc3b123608c9531e49761c9cda467d7f9322a8dd08919bb25c748d62bfcd2,79d400b9a4ff5a32b178d8a5b0b854743d264dfa7e5a9da416618c129814e21a
siren_028.flac,siren,non-stationary,28,107028,12.0,192000,-3.59,-0.09,"n = defence_noise('siren', 12, 16000, 107028); n = 0.99*n/max(abs(n))",generated by this project (no third-party audio),bc4076f86957fb020952da36bc83dfcebe21a069b536dd05c8d9ce5ec998f2ee,ac2f50c8a46618b9c0333ed17955fb391a0b3b5ebb4553af0b8ae66a28d36d76
siren_029.flac,siren,non-stationary,29,107029,12.0,192000,-3.71,-0.09,"n = defence_noise('siren', 12, 16000, 107029); n = 0.99*n/max(abs(n))",generated by this project (no third-party audio),7c27829a8ef562589bdf2c4ddb02abb48c16af77c0cff91c95bde3ba66cd8ae6,37a88bd680a6901a3ad29651593333e84f8212da58513c16a7577aca31824ae5
siren_030.flac,siren,non-stationary,30,107030,12.0,192000,-3.45,-0.09,"n = defence_noise('siren', 12, 16000, 107030); n = 0.99*n/max(abs(n))",generated by this project (no third-party audio),bd0e42491c589b8e186c9d405c9c49c39c395101c5b1ec890cee9de1c951d5c5,9f52665460044b48b35f2517d2f71efb18607c2ded6794522b19013c22e13c60
siren_031.flac,siren,non-stationary,31,107031,12.0,192000,-3.53,-0.09,"n = defence_noise('siren', 12, 16000, 107031); n = 0.99*n/max(abs(n))",generated by this project (no third-party audio),40d863a8c17cc55bcb3e682ed9244e35c842b0cdab52fc8fdca158a053aabdac,87f62db5f069602c466aa62a461a32e7752a469847504e58ca6396415e66e3d3
siren_032.flac,siren,non-stationary,32,107032,12.0,192000,-3.57,-0.09,"n = defence_noise('siren', 12, 16000, 107032); n = 0.99*n/max(abs(n))",generated by this project (no third-party audio),d83ecabe30a52ec66369267cc77df0fad09568dafe05e399adba19c7ba2b8aee,edf5d99cdae66e372ca1eb9bc5c05a4e2437c1c3ad589a2a721e95fcc1fb0e6e
siren_033.flac,siren,non-stationary,33,107033,12.0,192000,-3.48,-0.09,"n = defence_noise('siren', 12, 16000, 107033); n = 0.99*n/max(abs(n))",generated by this project (no third-party audio),66ff2c8ab9e65d59a7973753366356f0b03ff08708c863a076d5cdad7aff6a1a,1d2a65ecc3c9be4c5e5bf493b92c661b98c0d06f5668a6e50b188dddcf82a64e
siren_034.flac,siren,non-stationary,34,107034,12.0,192000,-3.48,-0.09,"n = defence_noise('siren', 12, 16000, 107034); n = 0.99*n/max(abs(n))",generated by this project (no third-party audio),68bc33e21dcc4af71d8454cfef56986bbed6b3c778693256161665448666d5d4,8f2e3d00e4a67f9e44846b9f62df0fe9e83d36861fe86b75378b66460f73644b
siren_035.flac,siren,non-stationary,35,107035,12.0,192000,-3.45,-0.09,"n = defence_noise('siren', 12, 16000, 107035); n = 0.99*n/max(abs(n))",generated by this project (no third-party audio),cc3ed77fff55b2641eee9810eb552159ee0a076925965c4376e2c5e16a96bd0a,a8acea1ec3b3e68f05a736efcfa2d6f94f626129a819a642f70cb91dc2caf619
siren_036.flac,siren,non-stationary,36,107036,12.0,192000,-3.44,-0.09,"n = defence_noise('siren', 12, 16000, 107036); n = 0.99*n/max(abs(n))",generated by this project (no third-party audio),898873b084248248677feded732ce8848f0a952e4e9213a211d13924b296649b,4b926984fad8dbabf8b1d863704d8ef4a6a02234a86d646cdef65f0ca5bed69f
siren_037.flac,siren,non-stationary,37,107037,12.0,192000,-3.41,-0.09,"n = defence_noise('siren', 12, 16000, 107037); n = 0.99*n/max(abs(n))",generated by this project (no third-party audio),0073521608a0e06408b24db4fa5bdb3bdbacc64a91c7c78723d2628ab93d16f6,46dec0f521569deae3d5e4a18e667552d3f5e90a751c6d4cfb0c74e7004a4971
siren_038.flac,siren,non-stationary,38,107038,12.0,192000,-3.54,-0.09,"n = defence_noise('siren', 12, 16000, 107038); n = 0.99*n/max(abs(n))",generated by this project (no third-party audio),ef7eb91d93ed480aaaa6c288b4bb097127d317766011bc586099df28fd636a17,a497758672568e0c4f8108c12031f9021740d38dc91639d8610f2cce1357cd46
siren_039.flac,siren,non-stationary,39,107039,12.0,192000,-3.44,-0.09,"n = defence_noise('siren', 12, 16000, 107039); n = 0.99*n/max(abs(n))",generated by this project (no third-party audio),a6df658b1c2921874e0f5d62c5a11512bb66f4620fdf6b96a9801bb62a5e5c1b,4b8d3d137cc7c75f01fb34a9ceb71fe9659ae77a5f813fb33a83d7635dd8b017
siren_040.flac,siren,non-stationary,40,107040,12.0,192000,-3.96,-0.09,"n = defence_noise('siren', 12, 16000, 107040); n = 0.99*n/max(abs(n))",generated by this project (no third-party audio),14d31d2dc067635104c64da776007b1d4843b08427f6f7338d3928c438fdadc3,9ee8c9e3f1f2bceadf7663f2bc3091b91f52028f25263a36022257becd27df98
siren_041.flac,siren,non-stationary,41,107041,12.0,192000,-3.6,-0.09,"n = defence_noise('siren', 12, 16000, 107041); n = 0.99*n/max(abs(n))",generated by this project (no third-party audio),3857b02e3e51cec79b898c50851b0bef35ed3ab265ddfc9ea645b1f2cadb202a,0b17a3e66edf146d5da22079caf72897425ad7c50585dde14ed081a3ecc573f3
siren_042.flac,siren,non-stationary,42,107042,12.0,192000,-3.41,-0.09,"n = defence_noise('siren', 12, 16000, 107042); n = 0.99*n/max(abs(n))",generated by this project (no third-party audio),acec7d8449bc36025adacf993a1027314f0ed84934cc0f12869b797bf26e80fe,170faafc90f0f6616bf5a6e32449a4c0a61b937f03a047987ebcba6af2fc71ce
siren_043.flac,siren,non-stationary,43,107043,12.0,192000,-3.38,-0.09,"n = defence_noise('siren', 12, 16000, 107043); n = 0.99*n/max(abs(n))",generated by this project (no third-party audio),2342a9754a55b63724190621ec84aaf53372b5445d41ae56b8e620368ef5eb04,b31deb8ac873ae2fca7a9efab25187102f9731cf7480f6a7ace01e09cbb9be17
siren_044.flac,siren,non-stationary,44,107044,12.0,192000,-3.39,-0.09,"n = defence_noise('siren', 12, 16000, 107044); n = 0.99*n/max(abs(n))",generated by this project (no third-party audio),5a754324b08f6db2948d8eab291d8350aa37fc49aa216aa6d2f3b1bba5fef902,ee523330c30e16b1127a0ab8c47a0dd6f88b8c23d8ffe58daa0128fb3dc84f55
siren_045.flac,siren,non-stationary,45,107045,12.0,192000,-3.52,-0.09,"n = defence_noise('siren', 12, 16000, 107045); n = 0.99*n/max(abs(n))",generated by this project (no third-party audio),c609b6fc7c567c7bff4652ccb23298c9a14eeb5ec7d59c593a5c5fed4982ca87,698ab1e47300305f91629a44b34b11d50f5fa6434ba34ebc2802406ac49bc7c8
siren_046.flac,siren,non-stationary,46,107046,12.0,192000,-3.64,-0.09,"n = defence_noise('siren', 12, 16000, 107046); n = 0.99*n/max(abs(n))",generated by this project (no third-party audio),343027adec389eddeb12459022004efa476b1ee60484ca1380d3b23b1397c80b,372f788924e2a48d19f3bdcf4b3bdf929ecba94b4903516e68f74ef968dcf0e4
siren_047.flac,siren,non-stationary,47,107047,12.0,192000,-3.49,-0.09,"n = defence_noise('siren', 12, 16000, 107047); n = 0.99*n/max(abs(n))",generated by this project (no third-party audio),579236792092fbe7602c84352dc60094a0fdbc2672645a021b40532b7c7e5e70,7a5d69ac5da08aeb156bc8c62b89ace8f42b5c8de9ea061c3c1b77a9f6dcadb7
siren_048.flac,siren,non-stationary,48,107048,12.0,192000,-3.56,-0.09,"n = defence_noise('siren', 12, 16000, 107048); n = 0.99*n/max(abs(n))",generated by this project (no third-party audio),87506af3faad1f56924767f3d751e4f2252337b71dc5dd062325ea1d46c60486,190a5803080b01ba9a93260877b1f5b9076d8f54b2e4da40b380f9b8aaa410c9
siren_049.flac,siren,non-stationary,49,107049,12.0,192000,-3.32,-0.09,"n = defence_noise('siren', 12, 16000, 107049); n = 0.99*n/max(abs(n))",generated by this project (no third-party audio),7491bd4e3b3da333a2e29863315632ff42ba5f9d5a87586275ea1382510ef095,76c47f5d21c1480f805b542b56b807af69ec3e0b6b91ff4942ba8d567cd07ca7
siren_050.flac,siren,non-stationary,50,107050,12.0,192000,-3.55,-0.09,"n = defence_noise('siren', 12, 16000, 107050); n = 0.99*n/max(abs(n))",generated by this project (no third-party audio),cdb68a8eeb4a33fd35cc9cf5c79eee45fb02c517f9c183582e1fc78ac65f24ca,eb23bbc22ca703f96e16e8aa126ad74fbd68b0ef11484158e7173a827a5a987b
siren_051.flac,siren,non-stationary,51,107051,12.0,192000,-3.49,-0.09,"n = defence_noise('siren', 12, 16000, 107051); n = 0.99*n/max(abs(n))",generated by this project (no third-party audio),53ee69cf651d8b31bcc48ee8d85aba20a4fb8e4dfebc114711395446528727be,71ed17bd6f0fe00ef63605786bd4865f44047c581be21999b22a1af716b9d997
siren_052.flac,siren,non-stationary,52,107052,12.0,192000,-3.44,-0.09,"n = defence_noise('siren', 12, 16000, 107052); n = 0.99*n/max(abs(n))",generated by this project (no third-party audio),b8d526ec08e2e4507fc7c76d162bfbcf2dec4b72555bac57b2c0e8de0f2ed472,1635b53d4f83e72b6db4cc6fe4dde736f8b7a788bbb783d37767d53edc1dc08c
siren_053.flac,siren,non-stationary,53,107053,12.0,192000,-3.47,-0.09,"n = defence_noise('siren', 12, 16000, 107053); n = 0.99*n/max(abs(n))",generated by this project (no third-party audio),a1e8098b82fa7963eaae590e9fad3e5e4e8b6556893637746b9131f7046fed49,3e90a30db877bcc76dfbf2cf5a9fb8dc8175a848d9425f43d274341a5a405d14
siren_054.flac,siren,non-stationary,54,107054,12.0,192000,-3.77,-0.09,"n = defence_noise('siren', 12, 16000, 107054); n = 0.99*n/max(abs(n))",generated by this project (no third-party audio),5682925c6267800e3835ac106eb10bfdd03280433ee183e2c70b96e32c69c40a,ec71cf9f322b204decf3fe2c6c1bba8e914c7a729fb8c043d62da8ad561da535
siren_055.flac,siren,non-stationary,55,107055,12.0,192000,-3.48,-0.09,"n = defence_noise('siren', 12, 16000, 107055); n = 0.99*n/max(abs(n))",generated by this project (no third-party audio),d9549e04617210d3ae220ec386fe47c1355b85c2ab310605630cf585da0e5cf8,050daa7e154b947f7a574d86dd799ba0d5c29ddfd9f942fb6f063b337a1a4310
siren_056.flac,siren,non-stationary,56,107056,12.0,192000,-3.64,-0.09,"n = defence_noise('siren', 12, 16000, 107056); n = 0.99*n/max(abs(n))",generated by this project (no third-party audio),131bebf044fc91ea1bdb68e6ab85f3efa298730883740029403b51c0bc903790,d070c25d1779fc38b7f6533138d3e940c2009c355376727f08c2ca3e609f0bca
siren_057.flac,siren,non-stationary,57,107057,12.0,192000,-3.52,-0.09,"n = defence_noise('siren', 12, 16000, 107057); n = 0.99*n/max(abs(n))",generated by this project (no third-party audio),1f4200ea7d4f88558d97104da8b84fca14b37056dfeca628922dbb677d057e28,bb04aedf95bddded23826d6b568d979e735e2a0959f595a0b6c61bf460e25385
siren_058.flac,siren,non-stationary,58,107058,12.0,192000,-3.47,-0.09,"n = defence_noise('siren', 12, 16000, 107058); n = 0.99*n/max(abs(n))",generated by this project (no third-party audio),1a3b2cc9f8c69ec9d75bd677dcbd707c45fe5c21154a9dce3782c915f0cece7d,9adc276e2c20ca709ff119d51f5ae8ee743a8612b31e7b23dfc229e02e4efb29
siren_059.flac,siren,non-stationary,59,107059,12.0,192000,-3.43,-0.09,"n = defence_noise('siren', 12, 16000, 107059); n = 0.99*n/max(abs(n))",generated by this project (no third-party audio),a72a52adfe042984b7f56599bb4e12aebecca13e942f6c86869860d91144e1cb,a32e71f3f47e3ba51a7e0a5e86d2b483ac338ad56d4f8b54accc794813bc0eda
siren_060.flac,siren,non-stationary,60,107060,12.0,192000,-3.48,-0.09,"n = defence_noise('siren', 12, 16000, 107060); n = 0.99*n/max(abs(n))",generated by this project (no third-party audio),ac0a655a1399b6bfaf2dc3de1726aa897caf90aeaa973b0b70649664f3bdb628,567a4f2161346a13f16212925b50f56f61cbcfa3ad0d61b9f5f68edf872dcc41
vehicle_001.flac,vehicle,stationary,1,108001,12.0,192000,-20.66,-0.09,"n = defence_noise('vehicle', 12, 16000, 108001); n = 0.99*n/max(abs(n))",generated by this project (no third-party audio),8096999caca60de9ca42272656682af1ca9afe07f047ad83ffe6f5d867e513d3,92e935e34ce6f44bd559d926501afded9d0e405decaa4c1709343eedb85c3034
vehicle_002.flac,vehicle,stationary,2,108002,12.0,192000,-18.73,-0.09,"n = defence_noise('vehicle', 12, 16000, 108002); n = 0.99*n/max(abs(n))",generated by this project (no third-party audio),59bfaec8f1bac0f386adb8f6d41ae48ba1ef6aff260709e46a64bef0bb6206a3,813765971330fec3a29a70edb1ce833691cea329f6cdbda4aae1a08d40436fa9
vehicle_003.flac,vehicle,stationary,3,108003,12.0,192000,-20.84,-0.09,"n = defence_noise('vehicle', 12, 16000, 108003); n = 0.99*n/max(abs(n))",generated by this project (no third-party audio),b558de7d5391652449437b8dbbc2c1050a5515fbd22b0ded0aeaa4a536dba9da,2c7cfaa066f7613c5e45d20c24ea9fa8623aaa64069ac0fc73053b0a72a6d09d
vehicle_004.flac,vehicle,stationary,4,108004,12.0,192000,-19.49,-0.09,"n = defence_noise('vehicle', 12, 16000, 108004); n = 0.99*n/max(abs(n))",generated by this project (no third-party audio),3363ded06ba494f2c3eb3f8d6a9e4cced5dabedf2d91f235edf1c1ba754fce52,7bce5c73c160400159724bab19a9e6caf6d87077ffc467fac6b36fbeae9ff29c
vehicle_005.flac,vehicle,stationary,5,108005,12.0,192000,-18.42,-0.09,"n = defence_noise('vehicle', 12, 16000, 108005); n = 0.99*n/max(abs(n))",generated by this project (no third-party audio),77389c7fbabbd795e7bf8771f0985e2e26b0fd9d415f21cb39c20fa3fcb5d05e,0b041bd2f4d46350435d20c435fd8039391f86e649a2472bdeba98fefc274000
vehicle_006.flac,vehicle,stationary,6,108006,12.0,192000,-19.83,-0.09,"n = defence_noise('vehicle', 12, 16000, 108006); n = 0.99*n/max(abs(n))",generated by this project (no third-party audio),11e162feb569ea921e104e9b0d0d6b35d8fada0795f193a82b639117e85982f6,4a8f598cecda2f5836f5d0b2cb06a01e7d5829609a19ffa7feef788013b1eb8c
vehicle_007.flac,vehicle,stationary,7,108007,12.0,192000,-20.31,-0.09,"n = defence_noise('vehicle', 12, 16000, 108007); n = 0.99*n/max(abs(n))",generated by this project (no third-party audio),cba2d94805d0b70aa1499296f9f9997dd602f799bd5a4840dbe1fb3d142c4a81,4750c21281e21ae120e7f14bc8b0e70bf941049766c25b6fbc78d35d94a1c5cf
vehicle_008.flac,vehicle,stationary,8,108008,12.0,192000,-19.92,-0.09,"n = defence_noise('vehicle', 12, 16000, 108008); n = 0.99*n/max(abs(n))",generated by this project (no third-party audio),3952c5f97391bb256a55ce9cd7f678a596d9661b1f07e339d00cfeb1d03f2f2d,480be494e68e4415abf213467333def145d0807db2cccebde3925d04391eb735
vehicle_009.flac,vehicle,stationary,9,108009,12.0,192000,-20.39,-0.09,"n = defence_noise('vehicle', 12, 16000, 108009); n = 0.99*n/max(abs(n))",generated by this project (no third-party audio),bc937e33da401b4f218f64fe57c2376c13febef8c4fe82ae5811f72ebc6d1c17,69cf59408984c9b5622941aa8881e9c3b9c430ddb884ad04e8ad02bd16bddec0
vehicle_010.flac,vehicle,stationary,10,108010,12.0,192000,-18.58,-0.09,"n = defence_noise('vehicle', 12, 16000, 108010); n = 0.99*n/max(abs(n))",generated by this project (no third-party audio),0051e947bd50ad3eec80ad3b0af6e45f4edb58032bc05269dc8cae741974b08a,cb2e3cd0fecbd41083c8a0eb5d1e488b756ca889aabce2e0100511e25dad318b
vehicle_011.flac,vehicle,stationary,11,108011,12.0,192000,-20.26,-0.09,"n = defence_noise('vehicle', 12, 16000, 108011); n = 0.99*n/max(abs(n))",generated by this project (no third-party audio),6f4b7a64b7f5755a0584dac0b39b352f06e195fb0dce8124900de44506582740,ff55ab2aa4f5aa5c961dfddd9cd3a82f45ae3d5c9ed65b63bd58d923769dca8e
vehicle_012.flac,vehicle,stationary,12,108012,12.0,192000,-19.9,-0.09,"n = defence_noise('vehicle', 12, 16000, 108012); n = 0.99*n/max(abs(n))",generated by this project (no third-party audio),4d41e609df0a8a86d316cb814abaa9c0cd86cdd08a359c071e3bd41dabfbc4c7,1b747e5886b371f0b46ba8e02ef5fcbeab0bf330fed68d1a855d602e5bf32834
vehicle_013.flac,vehicle,stationary,13,108013,12.0,192000,-19.39,-0.09,"n = defence_noise('vehicle', 12, 16000, 108013); n = 0.99*n/max(abs(n))",generated by this project (no third-party audio),cf406d9f9d63fdc1c895a24cba55eb5bde966ffca4d1a4c5b4010ac62d6b78e3,16d4b67313528e99f99a79c1cf3484fa718561cbadfe6eca608543afa9074a84
vehicle_014.flac,vehicle,stationary,14,108014,12.0,192000,-21.85,-0.09,"n = defence_noise('vehicle', 12, 16000, 108014); n = 0.99*n/max(abs(n))",generated by this project (no third-party audio),2487e9b6b8237da9eb9aba26e4a7ef4a841c79a1776843416aabc92412e97922,57d6bcfaed33bcd6b548f40797f9059120a371c610ad5a47831551968ae9bf5b
vehicle_015.flac,vehicle,stationary,15,108015,12.0,192000,-19.09,-0.09,"n = defence_noise('vehicle', 12, 16000, 108015); n = 0.99*n/max(abs(n))",generated by this project (no third-party audio),d3f23aa8fd5fad4142842a7a59c1e31711ff109b679dd76230d61b4cfc964945,dc34d28fca2f5dde2d6edfa697306106f39642f52f6cf3fb4c65985121d13b59
vehicle_016.flac,vehicle,stationary,16,108016,12.0,192000,-18.32,-0.09,"n = defence_noise('vehicle', 12, 16000, 108016); n = 0.99*n/max(abs(n))",generated by this project (no third-party audio),a605d6f3d0a9cd86530d55c0a91ac7ff9f113a8f563bc375d3c8c948c179f60b,8e50def3cb4e4aacae44221aa4122228d390d40a7b671ad3e1e4a94ae2bc0c29
vehicle_017.flac,vehicle,stationary,17,108017,12.0,192000,-20.15,-0.09,"n = defence_noise('vehicle', 12, 16000, 108017); n = 0.99*n/max(abs(n))",generated by this project (no third-party audio),e22c0f75f58faa82f70ec6a2912f20b2a2764e05400d4ade644ed1224f9dd0f8,a7f845cb46e718db9660ea1b4b55d4f9081f320da4dfaca3a8b7a77d35101d7e
vehicle_018.flac,vehicle,stationary,18,108018,12.0,192000,-21.02,-0.09,"n = defence_noise('vehicle', 12, 16000, 108018); n = 0.99*n/max(abs(n))",generated by this project (no third-party audio),7070aed1a816ceb54ff3eed58d61ebf8be9cf942fdff891e0656cc1bf4d74b8a,1615ac63be092e82a1db6a947b8a36acb7537c1ee4cec9c3f29efb728bf2ea15
vehicle_019.flac,vehicle,stationary,19,108019,12.0,192000,-18.47,-0.09,"n = defence_noise('vehicle', 12, 16000, 108019); n = 0.99*n/max(abs(n))",generated by this project (no third-party audio),dc82c593da737bdd6c6da72d04ed7296147b1c64a295afd79df84a557904a107,b0d4df08ca85800b3ad2a2d86fe8fb405045cce6a3ec3ef3710303ff2260bcb0
vehicle_020.flac,vehicle,stationary,20,108020,12.0,192000,-19.76,-0.09,"n = defence_noise('vehicle', 12, 16000, 108020); n = 0.99*n/max(abs(n))",generated by this project (no third-party audio),157b90365ca64f7acccbbf6249380aa07e3b8c5e4e31b17cacc140e4bb12f2ee,796866ca288a267139a2397a3d0b5d0964dfdc17488355ff22873521f812836a
vehicle_021.flac,vehicle,stationary,21,108021,12.0,192000,-22.49,-0.09,"n = defence_noise('vehicle', 12, 16000, 108021); n = 0.99*n/max(abs(n))",generated by this project (no third-party audio),acfb55b01d0cae34f0864c5b0b1fcd1c5eb692fa662a944f250172757158c8bd,08fceb01679d50d434d143cdd7999cdf5458ef3370e2abbe03a48a5fbd22450c
vehicle_022.flac,vehicle,stationary,22,108022,12.0,192000,-19.08,-0.09,"n = defence_noise('vehicle', 12, 16000, 108022); n = 0.99*n/max(abs(n))",generated by this project (no third-party audio),12a1a7793176f961371d8198a1e38c1410ee9e26048085307ec2bfa4beb614bc,92cf36d36dea874bdd4b265cb4bb962c9b14831895794ddce1d673e6391b3199
vehicle_023.flac,vehicle,stationary,23,108023,12.0,192000,-20.83,-0.09,"n = defence_noise('vehicle', 12, 16000, 108023); n = 0.99*n/max(abs(n))",generated by this project (no third-party audio),7835a14156177f4495c11171c4eed0e9a6e63efa912da7f9b838f56c25b8b47a,321fe0d84d3a6036ae47efa4faa122d1a060e1e2386a69bb08b13bc09846afdd
vehicle_024.flac,vehicle,stationary,24,108024,12.0,192000,-19.78,-0.09,"n = defence_noise('vehicle', 12, 16000, 108024); n = 0.99*n/max(abs(n))",generated by this project (no third-party audio),1942de874600c29225ac6034fef925a2ed7ba7b32156c347aa618136d14c7209,d8028cc55a71035f0ce6f243fcde5e9507e1b4eae652332e7248e35a6c2035b5
vehicle_025.flac,vehicle,stationary,25,108025,12.0,192000,-20.73,-0.09,"n = defence_noise('vehicle', 12, 16000, 108025); n = 0.99*n/max(abs(n))",generated by this project (no third-party audio),52cd0440267caef81411248363f45b3e235f53fac7b867b7622034778017b678,5a13a5ddc53849ce9a81096e3522cb513093c231107396b029a2ed41cf619b03
vehicle_026.flac,vehicle,stationary,26,108026,12.0,192000,-20.35,-0.09,"n = defence_noise('vehicle', 12, 16000, 108026); n = 0.99*n/max(abs(n))",generated by this project (no third-party audio),b53d90ee986744e8b6cafc6029e21fa197905a56e8a1bd1b923bb2bf03262a50,b007581e2e2633cc0304251ddcb0646284b162fd0d1c64465e9402ec217a1710
vehicle_027.flac,vehicle,stationary,27,108027,12.0,192000,-20.34,-0.09,"n = defence_noise('vehicle', 12, 16000, 108027); n = 0.99*n/max(abs(n))",generated by this project (no third-party audio),98767e43804f58c56c146e00b7e2ee5135cfc54e21af3d1cc8f8ae381b52f218,dfc7843bd81fa5dacffa95f37e3f6d700179b5555f673efd9a2565d0a2297623
vehicle_028.flac,vehicle,stationary,28,108028,12.0,192000,-18.68,-0.09,"n = defence_noise('vehicle', 12, 16000, 108028); n = 0.99*n/max(abs(n))",generated by this project (no third-party audio),af587d7ee2cad37197312ab95a6e520e18ce421fd4ef2841fb6898ca55c637f3,1a23cb601fdfe3c27466b9d24579905934183277437aebefbd46ba5d4e047048
vehicle_029.flac,vehicle,stationary,29,108029,12.0,192000,-21.75,-0.09,"n = defence_noise('vehicle', 12, 16000, 108029); n = 0.99*n/max(abs(n))",generated by this project (no third-party audio),50e3c66435091f30733a02b23581caea3c5b5f688f4e60a2d97d65552dfd1aa8,3a478efd8be3abd8b0bedb86a66540c22e14cde6c2a2fadb3c2d2cfc253c8a4c
vehicle_030.flac,vehicle,stationary,30,108030,12.0,192000,-19.3,-0.09,"n = defence_noise('vehicle', 12, 16000, 108030); n = 0.99*n/max(abs(n))",generated by this project (no third-party audio),e697cd819d9a1965499a9a2b7a05c9f99c23bb9af97ab67189fb05ba98b043b6,b195322f339ca4a055a09bfcb7c84b59d4ca2b824c09630d5ec241c2e34ea3d7
vehicle_031.flac,vehicle,stationary,31,108031,12.0,192000,-17.98,-0.09,"n = defence_noise('vehicle', 12, 16000, 108031); n = 0.99*n/max(abs(n))",generated by this project (no third-party audio),7edc4a7e86c5666ba1d914bbaff675968b1d20fb8578f77bf3fbc6b7bd2ac807,08885a7e9985f37a7651b5188ae1fc37d9c0dbe917187143dded195cfb243f62
vehicle_032.flac,vehicle,stationary,32,108032,12.0,192000,-19.84,-0.09,"n = defence_noise('vehicle', 12, 16000, 108032); n = 0.99*n/max(abs(n))",generated by this project (no third-party audio),20dc079aa252efde7c0b530c17b2b1317f2b5c323e0cff8557fd1dbbe3bd4b90,8f47e47b6e1a3c5db5d13b34ad9641183f67266a736886edbe708ec8f099eb85
vehicle_033.flac,vehicle,stationary,33,108033,12.0,192000,-20.34,-0.09,"n = defence_noise('vehicle', 12, 16000, 108033); n = 0.99*n/max(abs(n))",generated by this project (no third-party audio),9a480aefc8c4ab51caef0d3ace2697db4c3049fb1ebf0dcaf2de7cf88759c0ea,d8f4ffd4c36744957724bfba835b8198fd7ec4036028410036a4509699fd3dcd
vehicle_034.flac,vehicle,stationary,34,108034,12.0,192000,-19.1,-0.09,"n = defence_noise('vehicle', 12, 16000, 108034); n = 0.99*n/max(abs(n))",generated by this project (no third-party audio),257b5db025fb0149c7d82068ec20b61458649af59f201571d632b0875dd02b4e,12c34f08af71d6c4ec4295192c91c934efcd01f6f363ee647c1f44a5e8a72fc6
vehicle_035.flac,vehicle,stationary,35,108035,12.0,192000,-20.37,-0.09,"n = defence_noise('vehicle', 12, 16000, 108035); n = 0.99*n/max(abs(n))",generated by this project (no third-party audio),de3070bd79dca432ae942c9a34aae2b4909eb65f49252ef6a05d657581944943,49fa6f2ad3c00d6fb7fb770323322812afb06dcb17b2a60f61dc19fbec556614
vehicle_036.flac,vehicle,stationary,36,108036,12.0,192000,-21.08,-0.09,"n = defence_noise('vehicle', 12, 16000, 108036); n = 0.99*n/max(abs(n))",generated by this project (no third-party audio),b814ef17ee2755e690cd36978f8c3d501f6c5329b3b8875690c15a8fb779185b,b7f4c3134193e4a176fc0bb67926e1be86b9fbb94521a1ad30d3c89db53a3fd0
vehicle_037.flac,vehicle,stationary,37,108037,12.0,192000,-20.68,-0.09,"n = defence_noise('vehicle', 12, 16000, 108037); n = 0.99*n/max(abs(n))",generated by this project (no third-party audio),4c98aa68c01d160ba9d0257a2cd62a857b5761c2378f87ee6d67ffe9351ebb77,c2b35a9c3956b3b02c5da7c55a36d272e8038492469ffe494bb6b5ce6f2336e6
vehicle_038.flac,vehicle,stationary,38,108038,12.0,192000,-19.83,-0.09,"n = defence_noise('vehicle', 12, 16000, 108038); n = 0.99*n/max(abs(n))",generated by this project (no third-party audio),e3d63dbbb11f58923c478413cd5e371e3a00f494f59944cf7143750bfe08c5ae,1ba8997168de21d1dd75258c62861838e0d5feb977339da37d83a44a9d52d5e9
vehicle_039.flac,vehicle,stationary,39,108039,12.0,192000,-18.98,-0.09,"n = defence_noise('vehicle', 12, 16000, 108039); n = 0.99*n/max(abs(n))",generated by this project (no third-party audio),18b812a15976d5b0aface2cca300693364005cab86a551736e82baaf59578332,8fefa9d9892983c813707c0ad8665ad1f805133e2274b31a5c656b82dd8e78e3
vehicle_040.flac,vehicle,stationary,40,108040,12.0,192000,-19.65,-0.09,"n = defence_noise('vehicle', 12, 16000, 108040); n = 0.99*n/max(abs(n))",generated by this project (no third-party audio),e25ec19dd0cee250ef905e7efb300939f2a2310508f0fbd7448c45fef23d5147,8eaa0bcb7ed2b08b8bbdb48cd26d9db8ee9fb3b0749d68513e90c502edc6d0f0
vehicle_041.flac,vehicle,stationary,41,108041,12.0,192000,-19.23,-0.09,"n = defence_noise('vehicle', 12, 16000, 108041); n = 0.99*n/max(abs(n))",generated by this project (no third-party audio),1a313a8be1cea9e299e874e831e6b96b577334f85806ae93c77dd5ab6bbcf613,0aa8c25b37c744bea7765d999943dde16d932b634b676c70e662a88ded323f9d
vehicle_042.flac,vehicle,stationary,42,108042,12.0,192000,-20.11,-0.09,"n = defence_noise('vehicle', 12, 16000, 108042); n = 0.99*n/max(abs(n))",generated by this project (no third-party audio),fb7a718fee1aff66fa2bd013c1a1371663ef4a9d65dec661c90aa698583004a7,95a27bf70ed8d84f497221f1289590b39c093ce07c20fd6c27fc83d38891316b
vehicle_043.flac,vehicle,stationary,43,108043,12.0,192000,-21.75,-0.09,"n = defence_noise('vehicle', 12, 16000, 108043); n = 0.99*n/max(abs(n))",generated by this project (no third-party audio),cc5341d7d07663c82a0c1ed12124786a0b2134f0701eb32b46d546d276156860,09ba780393ea73647563e6d78ef9ce19044dca8c859605cac29dd6cbc2212905
vehicle_044.flac,vehicle,stationary,44,108044,12.0,192000,-19.95,-0.09,"n = defence_noise('vehicle', 12, 16000, 108044); n = 0.99*n/max(abs(n))",generated by this project (no third-party audio),6a63b8b382791f52326416e425b82e11f040d6c5e6e7ac407be0df9bc0b367a2,26cf42a82d3d22fac32fb9afe4a57ab6ebd4dba1ed77e5cd45b1a36b3c0a6d35
vehicle_045.flac,vehicle,stationary,45,108045,12.0,192000,-20.89,-0.09,"n = defence_noise('vehicle', 12, 16000, 108045); n = 0.99*n/max(abs(n))",generated by this project (no third-party audio),ba042ca56dbe54bd717c9db79e664a59fd64ecff3d757ec098c7b9d66fd2b8a7,f0403ee7766aff10eca4377c11c67fc5a4065bbaedeed82e912ba8147d63a4a7
vehicle_046.flac,vehicle,stationary,46,108046,12.0,192000,-19.16,-0.09,"n = defence_noise('vehicle', 12, 16000, 108046); n = 0.99*n/max(abs(n))",generated by this project (no third-party audio),d471a7ceec1575739ccfb586363fce95198ed739ff9047607a4b5db56f0d513c,5e02d75dfeeb9e1dc8b7b6fdc5785e1ae1fe20bee72b08beea0d40e9b9346403
vehicle_047.flac,vehicle,stationary,47,108047,12.0,192000,-19.86,-0.09,"n = defence_noise('vehicle', 12, 16000, 108047); n = 0.99*n/max(abs(n))",generated by this project (no third-party audio),64b8b619ed1a16ce975fd2fa56cd34347b4093bd33aba206d3d9842d1f51defc,c77854523bac6ef7f8388135fa9f0d709765f1ffea8bd4fc0fc3abc1b437593e
vehicle_048.flac,vehicle,stationary,48,108048,12.0,192000,-18.1,-0.09,"n = defence_noise('vehicle', 12, 16000, 108048); n = 0.99*n/max(abs(n))",generated by this project (no third-party audio),88ace92545fe932f713c3c6de6ad211b2bf2d29bb4f2916536dc4d04254cf82b,e25d475355b70b3c7e3e5bfad0a10c06ab63943a1e01349604e7f3f9ab0069c4
vehicle_049.flac,vehicle,stationary,49,108049,12.0,192000,-19.24,-0.09,"n = defence_noise('vehicle', 12, 16000, 108049); n = 0.99*n/max(abs(n))",generated by this project (no third-party audio),5e6da1f3b4e6949fb9c6e782332c0edcae0e6e64c47e7e3293ea10e5a7c99769,964ace56782f0d3b704718b24d2243660707c12809347fcb28e9cbcc36259c4a
vehicle_050.flac,vehicle,stationary,50,108050,12.0,192000,-19.54,-0.09,"n = defence_noise('vehicle', 12, 16000, 108050); n = 0.99*n/max(abs(n))",generated by this project (no third-party audio),ed9f2c7577b4d74528fdcb741b12be9da66a440fe46603f0b498c4314f6a472e,acd19fda76d1c5b585a300bd299aefe52ee9c92f53055bd29eaa15d616c83081
vehicle_051.flac,vehicle,stationary,51,108051,12.0,192000,-18.84,-0.09,"n = defence_noise('vehicle', 12, 16000, 108051); n = 0.99*n/max(abs(n))",generated by this project (no third-party audio),434720c5872d522836bb9300f70a872814aad70afee154bfd8897567595032a5,9c8ba5fb6ac8ee1f74aa773aebecd274c3aa717bcdecba28991c2c055903c496
vehicle_052.flac,vehicle,stationary,52,108052,12.0,192000,-20.58,-0.09,"n = defence_noise('vehicle', 12, 16000, 108052); n = 0.99*n/max(abs(n))",generated by this project (no third-party audio),9426ad64cdf1b1ada9dd0e89d122a43db12731b3eac55a2c2f1dd7def066ff46,97094d467cb87587964008269d25872277048d52cbebf89e6dc1757a2d823648
vehicle_053.flac,vehicle,stationary,53,108053,12.0,192000,-19.31,-0.09,"n = defence_noise('vehicle', 12, 16000, 108053); n = 0.99*n/max(abs(n))",generated by this project (no third-party audio),b69317017fdb8e7fce0b9ec35c74dc9b574dafb421725d12f528b7deeacfc0ab,a54654b23ef661394fd813d5b068dde59ebf0b2a0a236d1f5d5908a6081737b1
vehicle_054.flac,vehicle,stationary,54,108054,12.0,192000,-19.28,-0.09,"n = defence_noise('vehicle', 12, 16000, 108054); n = 0.99*n/max(abs(n))",generated by this project (no third-party audio),e7f4e396e957dbca7a4887667bbb72a74b179a08c5ed99e3483da201e9c2469e,70523cd9157d7debf8f127e90ce0e22c00155de5361d7e3e28156ac7ca5f79bc
vehicle_055.flac,vehicle,stationary,55,108055,12.0,192000,-20.59,-0.09,"n = defence_noise('vehicle', 12, 16000, 108055); n = 0.99*n/max(abs(n))",generated by this project (no third-party audio),8455a0c54e48ad05db3f6a1ab3d4d3fc73eb983da24752802abaa50e10bcd2fe,c4b7360e9bc22858a4ef71a90097b84fe94084471d04c7686587de81379da5ec
vehicle_056.flac,vehicle,stationary,56,108056,12.0,192000,-19.87,-0.09,"n = defence_noise('vehicle', 12, 16000, 108056); n = 0.99*n/max(abs(n))",generated by this project (no third-party audio),e03cf2a394fcecaf852614a7d76cc07301abfe49757cdb9a9814862163668237,d3687984a832277d9749928645a276b6f2ef1717ac2df1f369bf8de6206df7b9
vehicle_057.flac,vehicle,stationary,57,108057,12.0,192000,-20.84,-0.09,"n = defence_noise('vehicle', 12, 16000, 108057); n = 0.99*n/max(abs(n))",generated by this project (no third-party audio),ea460f49e6b1129a913c8bde838d8d0923cc9e05b39e7e867c207fcad37dc02a,30baea96f8e2c1b13b82c831e36d00ce4eb786e37a0f7c24609cb04c588f10f1
vehicle_058.flac,vehicle,stationary,58,108058,12.0,192000,-20.58,-0.09,"n = defence_noise('vehicle', 12, 16000, 108058); n = 0.99*n/max(abs(n))",generated by this project (no third-party audio),fcd0653a6148b31c1c31db3a3bcf069fe7a39b1d4589d5c0dae6a06643ad09a2,53fd39e29c070dbe757bc09a53c3f2502c4855387919a3a5ecf276801581056f
vehicle_059.flac,vehicle,stationary,59,108059,12.0,192000,-18.43,-0.09,"n = defence_noise('vehicle', 12, 16000, 108059); n = 0.99*n/max(abs(n))",generated by this project (no third-party audio),110474dd47eaa2935bb354ebaa08b7a74fcdb2549ff421cf0c1c5f27d2ede844,59bfb23e0fe089ecf92fd98cb7637c73c7f232ffecb4ae4042eb9b92e39921b2
vehicle_060.flac,vehicle,stationary,60,108060,12.0,192000,-20.29,-0.09,"n = defence_noise('vehicle', 12, 16000, 108060); n = 0.99*n/max(abs(n))",generated by this project (no third-party audio),bb3258881e17d95333b91b562bbde7d625b9a6d95d414743605a5b82e57b6ac3,ae6cd6bcbadd7c6f35048275998da67c03919101115cf3691f5a0cbcaef4149b
wind_001.flac,wind,stationary,1,110001,12.0,192000,-12.72,-0.09,"n = defence_noise('wind', 12, 16000, 110001); n = 0.99*n/max(abs(n))",generated by this project (no third-party audio),7ba91a622b6d5d56508f12aff4d2bf479fb2f1c7b9820a24c3b1deb71a181b18,2fbb8db1f8c67c20633b2737b6f51ed9265940206bbc8ca5629f24f34637a24e
wind_002.flac,wind,stationary,2,110002,12.0,192000,-13.62,-0.09,"n = defence_noise('wind', 12, 16000, 110002); n = 0.99*n/max(abs(n))",generated by this project (no third-party audio),7e77438322cc52ee5185b944de3954eaa731d8a2c18cd00cab598f4d89ebd57f,3cc57760398020ff6206f1210ef5eae641c01a4a0c6646a7ccb8ef3313c8a85b
wind_003.flac,wind,stationary,3,110003,12.0,192000,-15.07,-0.09,"n = defence_noise('wind', 12, 16000, 110003); n = 0.99*n/max(abs(n))",generated by this project (no third-party audio),32d978bbba7ec5ec9bce611acc8471c34a58d25c64e32df03fa51d10ca59cca6,b9ed8d520f64437e8d693688fc07221fe528f77ef2707533322340292ff6e5b1
wind_004.flac,wind,stationary,4,110004,12.0,192000,-13.57,-0.09,"n = defence_noise('wind', 12, 16000, 110004); n = 0.99*n/max(abs(n))",generated by this project (no third-party audio),a12e3c1ad6441a2693ec417991a8e8cf2460cb7b84f0b15596a5987f38ec886d,4615e25452d3d46660d87025bdf292ab8ab000a7a9b3ca44953e1f349b0a2f64
wind_005.flac,wind,stationary,5,110005,12.0,192000,-13.92,-0.09,"n = defence_noise('wind', 12, 16000, 110005); n = 0.99*n/max(abs(n))",generated by this project (no third-party audio),1e302ef43bfd801877b0cdbca340db08735043af0b3386d337b86f1e63af2e66,033e5dbbfb7600ef0c68ca80e6770057d2385ff8d5c0697dee3980bf7e6cbdc9
wind_006.flac,wind,stationary,6,110006,12.0,192000,-14.55,-0.09,"n = defence_noise('wind', 12, 16000, 110006); n = 0.99*n/max(abs(n))",generated by this project (no third-party audio),c730f79a862333358b9f8c0cc9a278c8db155a36ef9db7343151da8643b7cb26,0ce60982822a69b89be3928d568ff61d5c3f4a5425c9f9ccce7e2c328184572f
wind_007.flac,wind,stationary,7,110007,12.0,192000,-14.15,-0.09,"n = defence_noise('wind', 12, 16000, 110007); n = 0.99*n/max(abs(n))",generated by this project (no third-party audio),d01b97629a8516d9a9675fe3499dd585fb0ec45dbe5c8be840a0b427f666b93a,a5b9ea7fb5255485429b6eba9543ae7d7882a4a74aec1e8a3863d3ccee0576b4
wind_008.flac,wind,stationary,8,110008,12.0,192000,-13.76,-0.09,"n = defence_noise('wind', 12, 16000, 110008); n = 0.99*n/max(abs(n))",generated by this project (no third-party audio),ac64dc71ffa0583c5c0c8b3fc340c169b840b8b0dd11b869199e385ab54931b8,73470ccc1105d12a3154db211c51fbdb73852aa4db5fca312cb8da769745a09f
wind_009.flac,wind,stationary,9,110009,12.0,192000,-14.88,-0.09,"n = defence_noise('wind', 12, 16000, 110009); n = 0.99*n/max(abs(n))",generated by this project (no third-party audio),d688fc682c6804705ea654015453e7769ccae50b047a0a09f3490018a5e5d507,4c81648cedef0787d175ddc773209df1613330fdf56efca8ec42f088f06a44b6
wind_010.flac,wind,stationary,10,110010,12.0,192000,-15.27,-0.09,"n = defence_noise('wind', 12, 16000, 110010); n = 0.99*n/max(abs(n))",generated by this project (no third-party audio),b93467212256444b95a61f5ebbd6dcb605e3e1a9592d1e9877b19d00d16ad1ea,b497367d68337b2be6e0392f046b8c366db2c613b1dabaab00c7f498994e50ff
wind_011.flac,wind,stationary,11,110011,12.0,192000,-15.47,-0.09,"n = defence_noise('wind', 12, 16000, 110011); n = 0.99*n/max(abs(n))",generated by this project (no third-party audio),af9da41434a4251f063891dc3dcbd04a0fb63a1a058c6d533dcd2c10f65c9146,50e698755f4e0b83527cbd9cbe252867147f222d2dd6003cb12da0ac727f388d
wind_012.flac,wind,stationary,12,110012,12.0,192000,-13.33,-0.09,"n = defence_noise('wind', 12, 16000, 110012); n = 0.99*n/max(abs(n))",generated by this project (no third-party audio),3c0daba6bd94a9e5411c838cd7308c457e272c981038e1309892997e332985b0,f70619b76a8380c63b49f5e27008c7afbfee1f1667e53140c5d20dfcd2853287
wind_013.flac,wind,stationary,13,110013,12.0,192000,-14.18,-0.09,"n = defence_noise('wind', 12, 16000, 110013); n = 0.99*n/max(abs(n))",generated by this project (no third-party audio),85d3a0b34337425edbe019f11369a2cd04eb2765fc6ade253eff52d7c6902b85,391c19614149e34ba4251dfb73689bb8cb976ac71fbf67f906f8cf4e409e454d
wind_014.flac,wind,stationary,14,110014,12.0,192000,-13.42,-0.09,"n = defence_noise('wind', 12, 16000, 110014); n = 0.99*n/max(abs(n))",generated by this project (no third-party audio),edfdb942a2f2056abbcbd0fbe6bd0af91958ce7d041706e419c355a67cb453bd,b03ece9638cef68f66117509efec16587b5474aa7e787327cf4029ce6a34058e
wind_015.flac,wind,stationary,15,110015,12.0,192000,-13.28,-0.09,"n = defence_noise('wind', 12, 16000, 110015); n = 0.99*n/max(abs(n))",generated by this project (no third-party audio),2ff166a9f15f7f6e2fced57c0d45c7463a66d92e601090f7713c1cc51d0a97fa,f33f30e701a2a5461dcace8f3738bcbbffebbae967fee4edfe900f54eab991c5
wind_016.flac,wind,stationary,16,110016,12.0,192000,-13.47,-0.09,"n = defence_noise('wind', 12, 16000, 110016); n = 0.99*n/max(abs(n))",generated by this project (no third-party audio),2bd1bbc5e14e79f534830eaaeb9dee5e85dbe8638d7dd4d86d8f0ebffe86c5d0,c07761ced793324833964d1c7fb60f01e6344b78598921a8968fcfeba693e707
wind_017.flac,wind,stationary,17,110017,12.0,192000,-14.76,-0.09,"n = defence_noise('wind', 12, 16000, 110017); n = 0.99*n/max(abs(n))",generated by this project (no third-party audio),8482bb9a127b12dba65d487b35245b23eb3db5b3017fc6dd0c8993b92aaa9c08,fedcd52a1af4c5e2e3d15b0577a9b2754bbf0333a9196648bb4b68c1ad4b3006
wind_018.flac,wind,stationary,18,110018,12.0,192000,-13.74,-0.09,"n = defence_noise('wind', 12, 16000, 110018); n = 0.99*n/max(abs(n))",generated by this project (no third-party audio),23b02355316f27d328406e4a89c710eac5ae571d09380ac10b8e2099bdab0ab1,8bd31f232b3585ddd0422a41abb26ef82820b21fc2855f7cdac619ee2d4c942f
wind_019.flac,wind,stationary,19,110019,12.0,192000,-16.11,-0.09,"n = defence_noise('wind', 12, 16000, 110019); n = 0.99*n/max(abs(n))",generated by this project (no third-party audio),a97dc25090628df8fbc53dcbfbd3a5ac885c6dcba120e742807207df9e187067,933530c365329d84a60d2dba7b62357c15340993952f3f4844134134b502ef5f
wind_020.flac,wind,stationary,20,110020,12.0,192000,-14.21,-0.09,"n = defence_noise('wind', 12, 16000, 110020); n = 0.99*n/max(abs(n))",generated by this project (no third-party audio),6855e78c754f7b933b20e128ca87721e463086233fbf8a7793650b2d540c050a,c9ac6979b6c60ca7227f58aed0eaf025e9fca586ef23395ff9f074ce80799c39
wind_021.flac,wind,stationary,21,110021,12.0,192000,-13.51,-0.09,"n = defence_noise('wind', 12, 16000, 110021); n = 0.99*n/max(abs(n))",generated by this project (no third-party audio),5b02fb9bc53e74b2cbc31c3ddd709580ced421be13c9410051f733e8be1ab77e,27912c611f0cbe1f93ddd069ddacaf55fa1016b494e3d6e90667cd5c3a0baeb0
wind_022.flac,wind,stationary,22,110022,12.0,192000,-15.24,-0.09,"n = defence_noise('wind', 12, 16000, 110022); n = 0.99*n/max(abs(n))",generated by this project (no third-party audio),51013889a31b8a6f41f15285e376fa122a3cf3886f7b11d64b7ec9362a13e7bb,21d2f5c26041990bda2b78a8d4d03124f14144ef882661b70bc28168ac094837
wind_023.flac,wind,stationary,23,110023,12.0,192000,-15.23,-0.09,"n = defence_noise('wind', 12, 16000, 110023); n = 0.99*n/max(abs(n))",generated by this project (no third-party audio),9e6875102820f41b4aba421f93970d877fc13b5dd0fad9dde77d8a5def310c9d,ef5e935b8c54c861ab36219bd11d7f7d217b97d90d127e26b66b44a491cced06
wind_024.flac,wind,stationary,24,110024,12.0,192000,-14.06,-0.09,"n = defence_noise('wind', 12, 16000, 110024); n = 0.99*n/max(abs(n))",generated by this project (no third-party audio),537bb60589f152189423547f6581e8063f12f1f4a47870d823caa9a8812d0ec7,3c41112be840889f34934c18d36c7101a0b486bf817cfe171cac6b0662d6d135
wind_025.flac,wind,stationary,25,110025,12.0,192000,-15.84,-0.09,"n = defence_noise('wind', 12, 16000, 110025); n = 0.99*n/max(abs(n))",generated by this project (no third-party audio),35182b0754430fd53ef135b4128a13bbc187fa32f656f6da54b8c1a53be624f5,1a69f04412dd2ef09eed0e29e61f10316fad432ad8c2af428824a8ac453b9d00
wind_026.flac,wind,stationary,26,110026,12.0,192000,-13.72,-0.09,"n = defence_noise('wind', 12, 16000, 110026); n = 0.99*n/max(abs(n))",generated by this project (no third-party audio),5bc227bcd7f32876981b163451cc0975c7822d5d5c94bc4511daf87f2d45d458,eb338d198467804ddf21cd90f30e1d44212d8559b5e07fb3bf9df876a4728fe6
wind_027.flac,wind,stationary,27,110027,12.0,192000,-14.92,-0.09,"n = defence_noise('wind', 12, 16000, 110027); n = 0.99*n/max(abs(n))",generated by this project (no third-party audio),5be3cdff0b9f429e2044758a9e466298bcc9edee11eb8ca8173e6f539b8488db,fb945d7867a535b8ac4d97e312cfbc31fc42cd97f5ee3f63150b3cb66973b438
wind_028.flac,wind,stationary,28,110028,12.0,192000,-13.79,-0.09,"n = defence_noise('wind', 12, 16000, 110028); n = 0.99*n/max(abs(n))",generated by this project (no third-party audio),3280ac63e64a70c95d5afd6d8ea9bdf617055c3cc2ef4852dc0ee08a78fcdbb1,32ad13a06fba8a557ffbcf77015ec9e8805db5c7516b2cdfa0f088f9508d48bb
wind_029.flac,wind,stationary,29,110029,12.0,192000,-13.69,-0.09,"n = defence_noise('wind', 12, 16000, 110029); n = 0.99*n/max(abs(n))",generated by this project (no third-party audio),abf5c670f56c91b6cfe4f498f8c0d140cfc9e4adc92458aa95c5478029f0b13e,9772bfadf0fb124ebe9f168aaa9b93a8bba33d8c7913f939e74d12b139da70b6
wind_030.flac,wind,stationary,30,110030,12.0,192000,-12.61,-0.09,"n = defence_noise('wind', 12, 16000, 110030); n = 0.99*n/max(abs(n))",generated by this project (no third-party audio),0630dac594e89845406fc41990fc6a16427db54f4f605db5a83ac46084ba9367,350b0bc0e0bc569fc207913cc7ed567215911b2e102b3eb4d2f70b8291183ef0
wind_031.flac,wind,stationary,31,110031,12.0,192000,-13.6,-0.09,"n = defence_noise('wind', 12, 16000, 110031); n = 0.99*n/max(abs(n))",generated by this project (no third-party audio),1e0329dc6b2687e145569d2eed06e4503796d3bac07ba6cef43577cc12abceb9,e4c5b5068225a6d5f4ffc72e74f05afb4e8c15198b08c70bce6c5b5642503815
wind_032.flac,wind,stationary,32,110032,12.0,192000,-14.0,-0.09,"n = defence_noise('wind', 12, 16000, 110032); n = 0.99*n/max(abs(n))",generated by this project (no third-party audio),112570d89525ee923f93dd21e75895ea109aabbca615e679b336395dd6e64087,5d3375ea02f262663fb76c0f809ee88cd5b24a46bb5f42ebd5cc4e835f43d640
wind_033.flac,wind,stationary,33,110033,12.0,192000,-13.59,-0.09,"n = defence_noise('wind', 12, 16000, 110033); n = 0.99*n/max(abs(n))",generated by this project (no third-party audio),fa9b88f9001a7d12da6836f6ab9b4b5943925c13826ceb05c2db276c89285c6e,37a2f412e8d5fa701da651865491a80fcac09824c34591056acb0745aa6d9127
wind_034.flac,wind,stationary,34,110034,12.0,192000,-15.05,-0.09,"n = defence_noise('wind', 12, 16000, 110034); n = 0.99*n/max(abs(n))",generated by this project (no third-party audio),fae217a98d09ed52fade6c1039778773f3c1f9039239969a865b947358fd05d7,943ae304492a099fbaa18949c684eb614bf1dc5f2c4f9b57ed467fc573269e79
wind_035.flac,wind,stationary,35,110035,12.0,192000,-13.61,-0.09,"n = defence_noise('wind', 12, 16000, 110035); n = 0.99*n/max(abs(n))",generated by this project (no third-party audio),dab77a1e0be1f63285bee3a29a7653042cad6bbb1c7bf42eb3b44035e886b4ab,5d872371db6c2829dbb1383fa5bd3267df1eb0ddc9d95ff932b7fc8058abbbd7
wind_036.flac,wind,stationary,36,110036,12.0,192000,-14.1,-0.09,"n = defence_noise('wind', 12, 16000, 110036); n = 0.99*n/max(abs(n))",generated by this project (no third-party audio),49017f0553b323c70a03165e764847d66041ecd570a03ab09225eb70b7b66b82,6474f0ceedc169534831cd34d758a8728d7352a04e20e8ba23a1bc396531e3ba
wind_037.flac,wind,stationary,37,110037,12.0,192000,-14.18,-0.09,"n = defence_noise('wind', 12, 16000, 110037); n = 0.99*n/max(abs(n))",generated by this project (no third-party audio),5f791896e04201b100196f887ad3776314b280220e35b5b9f4fc23a504b81a93,2b704e16824a0a5addaf5106d3b33ac26e8727d946145b2cc438829eecf56306
wind_038.flac,wind,stationary,38,110038,12.0,192000,-12.85,-0.09,"n = defence_noise('wind', 12, 16000, 110038); n = 0.99*n/max(abs(n))",generated by this project (no third-party audio),6bacff9160c9a17d4203e72dbef1aae1f70f083885415fbdc0e05efbb33e188e,c60704377a3772182f89349f5960b4fa9465b87e7b69c9a3ebe4783e82658fee
wind_039.flac,wind,stationary,39,110039,12.0,192000,-13.82,-0.09,"n = defence_noise('wind', 12, 16000, 110039); n = 0.99*n/max(abs(n))",generated by this project (no third-party audio),651fba5d17086a88325860e96fb2a30333d9c0579c78d8214a40be97ac16cf2b,697e307ec28b03e572dc5ce6650c58c22cf0671cdb5bf0b1ee01a676d57f1d48
wind_040.flac,wind,stationary,40,110040,12.0,192000,-14.91,-0.09,"n = defence_noise('wind', 12, 16000, 110040); n = 0.99*n/max(abs(n))",generated by this project (no third-party audio),4122f7659219d398c67e0152fe49b7c0808985630411445b27ab92986371f2d5,b4642d004a9d2b5b9b0217b28aa4016d245f7a725fac8dcdf582bda3d4d8a9c0
wind_041.flac,wind,stationary,41,110041,12.0,192000,-12.89,-0.09,"n = defence_noise('wind', 12, 16000, 110041); n = 0.99*n/max(abs(n))",generated by this project (no third-party audio),a156c75916c22e420e08a8242c4185b8b3e0d2f3478bccda312b540a63e04b83,b2b6af4fe63997d24690fb8dae501738365c7ac9502275d9fc363d1a111bd574
wind_042.flac,wind,stationary,42,110042,12.0,192000,-14.25,-0.09,"n = defence_noise('wind', 12, 16000, 110042); n = 0.99*n/max(abs(n))",generated by this project (no third-party audio),aaffa63db23dac1fe21ec3c4bc1ed7e0cebf984b82cb99d7c51b107ffab2a48a,131eedc989b6e1b26fed30a2d976ffa173c342cd00970b9b3e1052eb2a2dcc6b
wind_043.flac,wind,stationary,43,110043,12.0,192000,-14.99,-0.09,"n = defence_noise('wind', 12, 16000, 110043); n = 0.99*n/max(abs(n))",generated by this project (no third-party audio),a9844df0b1f5dc6b85c50e33da69df5426443821b679a1887f82e31e1adcf184,879ffc9d16b5c06bea7ddb10e572e9b2c8bd5fa0013198fb5a086071db831dfb
wind_044.flac,wind,stationary,44,110044,12.0,192000,-14.85,-0.09,"n = defence_noise('wind', 12, 16000, 110044); n = 0.99*n/max(abs(n))",generated by this project (no third-party audio),88512090ecd4f786a1993097c9973aa08fd96b321b07e363c0595346eefc7526,e995a60660274e250055c4eed199b6c0adeed2d0243479a0df9365910bcfee51
wind_045.flac,wind,stationary,45,110045,12.0,192000,-14.62,-0.09,"n = defence_noise('wind', 12, 16000, 110045); n = 0.99*n/max(abs(n))",generated by this project (no third-party audio),ed468c9b521f372fa4b32b4710b94c4f70859b6f6dc613ca82cb50a3cd7a89cd,d90fcadd8f6aa4907b0eeb997c9f0e158e556c2cbaafd470c8940a453d56bb17
wind_046.flac,wind,stationary,46,110046,12.0,192000,-14.96,-0.09,"n = defence_noise('wind', 12, 16000, 110046); n = 0.99*n/max(abs(n))",generated by this project (no third-party audio),6b9192dea5c412482861ea9575793697b8dda37f341710d953f170ebdcdd7d73,82630243f518d4d705e59e7dd6efe446ee2caeb63c0916eaddd654f144c5a5a5
wind_047.flac,wind,stationary,47,110047,12.0,192000,-14.98,-0.09,"n = defence_noise('wind', 12, 16000, 110047); n = 0.99*n/max(abs(n))",generated by this project (no third-party audio),74a96add3bd15dda4a07ec99ca3a6839eb275058c84c0cb052751014ccd6d718,2c7cb18dfb93e6c87f0bed7375775a747ad202b3eccb453b981ad14deba5ec7f
wind_048.flac,wind,stationary,48,110048,12.0,192000,-13.81,-0.09,"n = defence_noise('wind', 12, 16000, 110048); n = 0.99*n/max(abs(n))",generated by this project (no third-party audio),c2decc6a3e224d6642113b51f00e5ce07b50f340380d0016cf87031daeafa983,442c27a1573503458e147ef75585e196ebe9ef820197300f696264234f0f39b4
wind_049.flac,wind,stationary,49,110049,12.0,192000,-14.19,-0.09,"n = defence_noise('wind', 12, 16000, 110049); n = 0.99*n/max(abs(n))",generated by this project (no third-party audio),de28ef1bad2a7ccaef941c7a960e32dc9feb753a0a046c65651b0d0a4c9a3c20,5c50484f4d63e36089f96740fb10f725d9adb5fd917bdad10eebf5993028ce2e
wind_050.flac,wind,stationary,50,110050,12.0,192000,-12.74,-0.09,"n = defence_noise('wind', 12, 16000, 110050); n = 0.99*n/max(abs(n))",generated by this project (no third-party audio),0d26685861674d8ad7e558dcbfd437ba7d2752192cafe1f1517f3c2feeda16bd,c344cb9c16fc4da70886f9f0cf14cde6a18153cd1132b32a8b79bc6ca25e23bb
wind_051.flac,wind,stationary,51,110051,12.0,192000,-12.96,-0.09,"n = defence_noise('wind', 12, 16000, 110051); n = 0.99*n/max(abs(n))",generated by this project (no third-party audio),ab5c0b8ded32c9e34a222817b8a7eb2dbaa1043af3834b433f7c118c0a039fae,355142a4f374ecd07c76b33944b02cd95a0541bf966d37803cf3dcf27ca0d3ad
wind_052.flac,wind,stationary,52,110052,12.0,192000,-13.48,-0.09,"n = defence_noise('wind', 12, 16000, 110052); n = 0.99*n/max(abs(n))",generated by this project (no third-party audio),72ed7104eeb01ab372655730acf7b15746306f1ae01830a5a2e2840927b03756,7ff066bb2309a98960c909ab5ddfe7473d33e0ffb2331b04047b08ca5c67f58e
wind_053.flac,wind,stationary,53,110053,12.0,192000,-12.64,-0.09,"n = defence_noise('wind', 12, 16000, 110053); n = 0.99*n/max(abs(n))",generated by this project (no third-party audio),72d23895a0db5d7575aa9b7f99caed6aa909dbfecdc51fe0433975a40e6776d9,cdc85f037966d11775aa454bb81e9a6e985d8f754ecbd3a96c3cdc49c6453205
wind_054.flac,wind,stationary,54,110054,12.0,192000,-12.67,-0.09,"n = defence_noise('wind', 12, 16000, 110054); n = 0.99*n/max(abs(n))",generated by this project (no third-party audio),a0e91bcb2820f80055042bc1ef4944c386ae05cd2a89a430c54ced1bdb183fc0,3edfdc8c01520b3214dc30a533b78742b8593fd52faa8b3fb732de560ee5538f
wind_055.flac,wind,stationary,55,110055,12.0,192000,-15.05,-0.09,"n = defence_noise('wind', 12, 16000, 110055); n = 0.99*n/max(abs(n))",generated by this project (no third-party audio),af5430c670aae98b96175a20899ddfba9e1e976fe1861f2bb4144f0fd8cd65a3,749613c81c5a3dfe3e5619a755d12d2326604a10672765fc8230954f9508b73a
wind_056.flac,wind,stationary,56,110056,12.0,192000,-14.75,-0.09,"n = defence_noise('wind', 12, 16000, 110056); n = 0.99*n/max(abs(n))",generated by this project (no third-party audio),40b8c08806ad6bedd132b861d5f559cfacb1a8fd97a3870ab2654f9df1bb075c,813b2aaa77a1245a1309044f7052e36e15c2e90e919843c1406210bf0b7adaca
wind_057.flac,wind,stationary,57,110057,12.0,192000,-12.47,-0.09,"n = defence_noise('wind', 12, 16000, 110057); n = 0.99*n/max(abs(n))",generated by this project (no third-party audio),27a2b23ab04101b9baff4dbabbaa7a5cc95fc1e2e6d23fc2f790de64fe1c9fe3,e9f4ac0c4f1418d47a2ac0f9ba74cbe96c0af858c013e66fab622a1312f31a9e
wind_058.flac,wind,stationary,58,110058,12.0,192000,-14.19,-0.09,"n = defence_noise('wind', 12, 16000, 110058); n = 0.99*n/max(abs(n))",generated by this project (no third-party audio),16f0d8cc98f9d1c08290cfbbabea659a49f399aea5f43f73dcbebb747594550a,00db8d23983e3152bf50791ab97089ce2d8ac10e4d48069a2c264a51e6b38692
wind_059.flac,wind,stationary,59,110059,12.0,192000,-13.63,-0.09,"n = defence_noise('wind', 12, 16000, 110059); n = 0.99*n/max(abs(n))",generated by this project (no third-party audio),f0b3a27a0ae0fcb12aaa511f647351d33ade522502953d534d9828197369bdab,e2ba8860a8d480cd6d0d4e830c4ee642b35306a253f898f22f6181d2413f5f86
wind_060.flac,wind,stationary,60,110060,12.0,192000,-14.54,-0.09,"n = defence_noise('wind', 12, 16000, 110060); n = 0.99*n/max(abs(n))",generated by this project (no third-party audio),00ed140b3c9485ccb54fa64751c0698c4ad9d11dc5829b50779ecb85e0e94045,2122ad0a93c99063496800147daed6958ac1e94f82e6d3902ef3e902e410ba54
